x,y,state,district
168.6,178.8,WY,WY-1
168.6,168,WY,WY-1
177.9,162.7,WY,WY-1
187.3,168,WY,WY-1
187.3,178.8,WY,WY-1
177.9,184.3,WY,WY-1
445.2,222.1,WV,WV-2
445.2,211.3,WV,WV-2
454.6,206,WV,WV-2
463.9,211.3,WV,WV-2
463.9,222.1,WV,WV-2
454.6,227.5,WV,WV-2
435.9,238.3,WV,WV-1
435.9,227.5,WV,WV-1
445.2,222.1,WV,WV-1
454.6,227.5,WV,WV-1
454.6,238.3,WV,WV-1
445.2,243.6,WV,WV-1
249.6,61.8,WI,WI-8
249.6,51,WI,WI-8
259,45.5,WI,WI-8
268.3,51,WI,WI-8
268.3,61.8,WI,WI-8
259,67.1,WI,WI-8
231,61.8,WI,WI-7
231,51,WI,WI-7
240.3,45.5,WI,WI-7
249.6,51,WI,WI-7
249.6,61.8,WI,WI-7
240.3,67.1,WI,WI-7
221.7,77.9,WI,WI-6
221.7,67.1,WI,WI-6
231,61.8,WI,WI-6
240.3,67.1,WI,WI-6
240.3,77.9,WI,WI-6
231,83.2,WI,WI-6
240.3,77.9,WI,WI-5
240.3,67.1,WI,WI-5
249.6,61.8,WI,WI-5
259,67.1,WI,WI-5
259,77.9,WI,WI-5
249.6,83.2,WI,WI-5
259,77.9,WI,WI-4
259,67.1,WI,WI-4
268.3,61.8,WI,WI-4
277.6,67.1,WI,WI-4
277.6,77.9,WI,WI-4
268.3,83.2,WI,WI-4
212.6,61.7,WI,WI-3
212.6,50.9,WI,WI-3
221.9,45.5,WI,WI-3
231.1,50.9,WI,WI-3
231.1,61.7,WI,WI-3
221.9,67.1,WI,WI-3
231,94,WI,WI-2
231,83.2,WI,WI-2
240.3,77.9,WI,WI-2
249.6,83.2,WI,WI-2
249.6,94,WI,WI-2
240.3,99.5,WI,WI-2
249.6,94,WI,WI-1
249.6,83.2,WI,WI-1
259,77.9,WI,WI-1
268.3,83.2,WI,WI-1
268.3,94,WI,WI-1
259,99.5,WI,WI-1
101.8,57.6,WA,WA-10
101.8,46.8,WA,WA-10
111.1,41.4,WA,WA-10
120.4,46.8,WA,WA-10
120.4,57.6,WA,WA-10
111.1,62.9,WA,WA-10
73.7,73.7,WA,WA-9
73.7,62.9,WA,WA-9
83.1,57.6,WA,WA-9
92.4,62.9,WA,WA-9
92.4,73.7,WA,WA-9
83.1,79,WA,WA-9
83.4,57.6,WA,WA-8
83.4,46.8,WA,WA-8
92.7,41.4,WA,WA-8
102.2,46.8,WA,WA-8
102.2,57.6,WA,WA-8
92.7,62.9,WA,WA-8
55.1,73.7,WA,WA-7
55.1,62.9,WA,WA-7
64.4,57.6,WA,WA-7
73.7,62.9,WA,WA-7
73.7,73.7,WA,WA-7
64.4,79,WA,WA-7
36.4,73.7,WA,WA-6
36.4,62.9,WA,WA-6
45.8,57.6,WA,WA-6
55.1,62.9,WA,WA-6
55.1,73.7,WA,WA-6
45.8,79,WA,WA-6
111.1,73.7,WA,WA-5
111.1,62.9,WA,WA-5
120.4,57.6,WA,WA-5
129.7,62.9,WA,WA-5
129.7,73.7,WA,WA-5
120.4,79,WA,WA-5
120.4,57.6,WA,WA-4
120.4,46.8,WA,WA-4
129.8,41.4,WA,WA-4
139.1,46.8,WA,WA-4
139.1,57.6,WA,WA-4
129.8,62.9,WA,WA-4
92.4,73.7,WA,WA-3
92.4,62.9,WA,WA-3
101.7,57.6,WA,WA-3
111.1,62.9,WA,WA-3
111.1,73.7,WA,WA-3
101.7,79,WA,WA-3
45.8,57.6,WA,WA-2
45.8,46.8,WA,WA-2
55.1,41.4,WA,WA-2
64.5,46.8,WA,WA-2
64.5,57.6,WA,WA-2
55.1,62.9,WA,WA-2
64.5,57.6,WA,WA-1
64.5,46.8,WA,WA-1
73.8,41.4,WA,WA-1
83.1,46.8,WA,WA-1
83.1,57.6,WA,WA-1
73.8,62.9,WA,WA-1
566.8,63.2,VT,VT-1
566.8,52.4,VT,VT-1
576.1,47.2,VT,VT-1
585.4,52.4,VT,VT-1
585.4,63.2,VT,VT-1
576.1,68.5,VT,VT-1
533.5,216.6,VA,VA-11
542.8,222.1,VA,VA-11
542.8,232.9,VA,VA-11
533.5,238.2,VA,VA-11
524.3,232.9,VA,VA-11
524.3,222.1,VA,VA-11
515,216.6,VA,VA-10
524.3,222.1,VA,VA-10
524.3,232.9,VA,VA-10
515,238.2,VA,VA-10
505.6,232.9,VA,VA-10
505.6,222.1,VA,VA-10
459,249,VA,VA-9
468.3,254.3,VA,VA-9
468.3,265.1,VA,VA-9
459,270.5,VA,VA-9
449.7,265.1,VA,VA-9
449.7,254.3,VA,VA-9
524.3,232.9,VA,VA-8
533.5,238.2,VA,VA-8
533.5,249,VA,VA-8
524.3,254.3,VA,VA-8
515,249,VA,VA-8
515,238.2,VA,VA-8
505.6,232.9,VA,VA-7
515,238.2,VA,VA-7
515,249,VA,VA-7
505.6,254.3,VA,VA-7
496.3,249,VA,VA-7
496.3,238.2,VA,VA-7
477.7,249,VA,VA-6
487,254.3,VA,VA-6
487,265.1,VA,VA-6
477.7,270.5,VA,VA-6
468.3,265.1,VA,VA-6
468.3,254.3,VA,VA-6
496.3,249,VA,VA-5
505.6,254.3,VA,VA-5
505.6,265.1,VA,VA-5
496.3,270.5,VA,VA-5
487,265.1,VA,VA-5
487,254.3,VA,VA-5
515,249,VA,VA-4
524.3,254.3,VA,VA-4
524.3,265.1,VA,VA-4
515,270.5,VA,VA-4
505.6,265.1,VA,VA-4
505.6,254.3,VA,VA-4
533.5,249,VA,VA-3
542.8,254.3,VA,VA-3
542.8,265.1,VA,VA-3
533.5,270.5,VA,VA-3
524.3,265.1,VA,VA-3
524.3,254.3,VA,VA-3
552.3,249,VA,VA-2
561.5,254.3,VA,VA-2
561.5,265.1,VA,VA-2
552.3,270.5,VA,VA-2
542.8,265.1,VA,VA-2
542.8,254.3,VA,VA-2
542.8,232.9,VA,VA-1
552.3,238.2,VA,VA-1
552.3,249,VA,VA-1
542.8,254.3,VA,VA-1
533.5,249,VA,VA-1
533.5,238.2,VA,VA-1
149.3,225.6,UT,UT-4
149.3,214.8,UT,UT-4
158.6,209.5,UT,UT-4
167.9,214.8,UT,UT-4
167.9,225.6,UT,UT-4
158.6,231,UT,UT-4
158.6,241.8,UT,UT-3
158.6,231,UT,UT-3
167.9,225.6,UT,UT-3
177.3,231,UT,UT-3
177.3,241.8,UT,UT-3
167.9,247.1,UT,UT-3
140,241.8,UT,UT-2
140,231,UT,UT-2
149.3,225.6,UT,UT-2
158.6,231,UT,UT-2
158.6,241.8,UT,UT-2
149.3,247.1,UT,UT-2
130.6,225.6,UT,UT-1
130.6,214.8,UT,UT-1
140,209.5,UT,UT-1
149.3,214.8,UT,UT-1
149.3,225.6,UT,UT-1
140,231,UT,UT-1
253.2,428.7,TX,TX-38
253.2,417.9,TX,TX-38
262.5,412.4,TX,TX-38
271.8,417.9,TX,TX-38
271.8,428.7,TX,TX-38
262.5,434,TX,TX-38
234.5,460.9,TX,TX-37
234.5,450.1,TX,TX-37
243.8,444.8,TX,TX-37
253.2,450.1,TX,TX-37
253.2,460.9,TX,TX-37
243.8,466.4,TX,TX-37
309,450.2,TX,TX-36
299.8,444.9,TX,TX-36
299.8,434.1,TX,TX-36
309,428.7,TX,TX-36
318.3,434.1,TX,TX-36
318.3,444.9,TX,TX-36
243.8,477.1,TX,TX-35
243.8,466.4,TX,TX-35
253.2,460.9,TX,TX-35
262.5,466.4,TX,TX-35
262.5,477.1,TX,TX-35
253.2,482.5,TX,TX-35
262.5,509.3,TX,TX-34
262.5,498.6,TX,TX-34
271.8,493.2,TX,TX-34
281,498.6,TX,TX-34
281,509.3,TX,TX-34
271.8,514.8,TX,TX-34
225.2,412.4,TX,TX-33
225.2,401.7,TX,TX-33
234.5,396.3,TX,TX-33
243.8,401.7,TX,TX-33
243.8,412.4,TX,TX-33
234.5,417.9,TX,TX-33
234.5,396.3,TX,TX-32
234.5,385.6,TX,TX-32
243.8,380.2,TX,TX-32
253.2,385.6,TX,TX-32
253.2,396.3,TX,TX-32
243.8,401.7,TX,TX-32
225.2,444.8,TX,TX-31
225.2,434,TX,TX-31
234.5,428.7,TX,TX-31
243.8,434,TX,TX-31
243.8,444.8,TX,TX-31
234.5,450.1,TX,TX-31
243.8,412.4,TX,TX-30
243.8,401.7,TX,TX-30
253.2,396.3,TX,TX-30
262.5,401.7,TX,TX-30
262.5,412.4,TX,TX-30
253.2,417.9,TX,TX-30
281,444.8,TX,TX-29
281,434,TX,TX-29
290.5,428.7,TX,TX-29
299.8,434,TX,TX-29
299.8,444.8,TX,TX-29
290.5,450.1,TX,TX-29
253.2,493.2,TX,TX-28
253.2,482.5,TX,TX-28
262.5,477.1,TX,TX-28
271.8,482.5,TX,TX-28
271.8,493.2,TX,TX-28
262.5,498.6,TX,TX-28
271.8,493.2,TX,TX-27
271.8,482.5,TX,TX-27
281,477.1,TX,TX-27
290.5,482.5,TX,TX-27
290.5,493.2,TX,TX-27
281,498.6,TX,TX-27
215.9,396.3,TX,TX-26
215.9,385.6,TX,TX-26
225.2,380.2,TX,TX-26
234.5,385.6,TX,TX-26
234.5,396.3,TX,TX-26
225.2,401.7,TX,TX-26
187.8,444.1,TX,TX-25
187.8,433.3,TX,TX-25
197.1,428,TX,TX-25
206.5,433.3,TX,TX-25
206.5,444.1,TX,TX-25
197.1,449.4,TX,TX-25
215.9,428.7,TX,TX-24
215.9,417.9,TX,TX-24
225.2,412.4,TX,TX-24
234.5,417.9,TX,TX-24
234.5,428.7,TX,TX-24
225.2,434,TX,TX-24
215.9,460.9,TX,TX-23
215.9,450.1,TX,TX-23
225.2,444.8,TX,TX-23
234.5,450.1,TX,TX-23
234.5,460.9,TX,TX-23
225.2,466.4,TX,TX-23
281,477.1,TX,TX-22
281,466.4,TX,TX-22
290.5,460.9,TX,TX-22
299.8,466.4,TX,TX-22
299.8,477.1,TX,TX-22
290.5,482.5,TX,TX-22
243.8,444.8,TX,TX-21
243.8,434,TX,TX-21
253.2,428.7,TX,TX-21
262.5,434,TX,TX-21
262.5,444.8,TX,TX-21
253.2,450.1,TX,TX-21
243.8,498.6,TX,TX-20
234.5,493.2,TX,TX-20
234.5,482.5,TX,TX-20
243.8,477.1,TX,TX-20
253.2,482.5,TX,TX-20
253.2,493.2,TX,TX-20
187.9,412.4,TX,TX-19
187.9,401.7,TX,TX-19
197.2,396.3,TX,TX-19
206.5,401.7,TX,TX-19
206.5,412.4,TX,TX-19
197.2,417.9,TX,TX-19
262.5,444.8,TX,TX-18
262.5,434,TX,TX-18
271.8,428.7,TX,TX-18
281,434,TX,TX-18
281,444.8,TX,TX-18
271.8,450.1,TX,TX-18
262.5,412.4,TX,TX-17
262.5,401.7,TX,TX-17
271.8,396.3,TX,TX-17
281,401.7,TX,TX-17
281,412.4,TX,TX-17
271.8,417.9,TX,TX-17
178.5,427.5,TX,TX-16
178.5,416.8,TX,TX-16
187.8,411.4,TX,TX-16
197.2,416.8,TX,TX-16
197.2,427.5,TX,TX-16
187.8,432.9,TX,TX-16
262.5,509.3,TX,TX-15
253.2,514.8,TX,TX-15
243.8,509.3,TX,TX-15
243.8,498.6,TX,TX-15
253.2,493.2,TX,TX-15
262.5,498.6,TX,TX-15
290.5,460.9,TX,TX-14
290.5,450.1,TX,TX-14
299.8,444.8,TX,TX-14
309,450.1,TX,TX-14
309,460.9,TX,TX-14
299.8,466.4,TX,TX-14
206.5,412.4,TX,TX-13
206.5,401.7,TX,TX-13
215.9,396.3,TX,TX-13
225.2,401.7,TX,TX-13
225.2,412.4,TX,TX-13
215.9,417.9,TX,TX-13
206.5,444.8,TX,TX-12
206.5,434,TX,TX-12
215.9,428.7,TX,TX-12
225.2,434,TX,TX-12
225.2,444.8,TX,TX-12
215.9,450.1,TX,TX-12
197.2,428.7,TX,TX-11
197.2,417.9,TX,TX-11
206.5,412.4,TX,TX-11
215.9,417.9,TX,TX-11
215.9,428.7,TX,TX-11
206.5,434,TX,TX-11
262.5,477.1,TX,TX-10
262.5,466.4,TX,TX-10
271.8,460.9,TX,TX-10
281,466.4,TX,TX-10
281,477.1,TX,TX-10
271.8,482.5,TX,TX-10
271.8,460.9,TX,TX-9
271.8,450.1,TX,TX-9
281,444.8,TX,TX-9
290.5,450.1,TX,TX-9
290.5,460.9,TX,TX-9
281,466.4,TX,TX-9
290.4,428.7,TX,TX-8
290.4,417.9,TX,TX-8
299.7,412.4,TX,TX-8
309.1,417.9,TX,TX-8
309.1,428.7,TX,TX-8
299.7,434,TX,TX-8
253.2,460.9,TX,TX-7
253.2,450.1,TX,TX-7
262.5,444.8,TX,TX-7
271.8,450.1,TX,TX-7
271.8,460.9,TX,TX-7
262.5,466.4,TX,TX-7
234.5,428.7,TX,TX-6
234.5,417.9,TX,TX-6
243.8,412.4,TX,TX-6
253.2,417.9,TX,TX-6
253.2,428.7,TX,TX-6
243.8,434,TX,TX-6
253.2,396.3,TX,TX-5
253.2,385.6,TX,TX-5
262.5,380.2,TX,TX-5
271.8,385.6,TX,TX-5
271.8,396.3,TX,TX-5
262.5,401.7,TX,TX-5
243.9,380.2,TX,TX-4
243.9,369.5,TX,TX-4
253.2,364,TX,TX-4
262.5,369.5,TX,TX-4
262.5,380.2,TX,TX-4
253.2,385.6,TX,TX-4
224.9,380.2,TX,TX-3
224.9,369.5,TX,TX-3
234.3,364,TX,TX-3
243.6,369.5,TX,TX-3
243.6,380.2,TX,TX-3
234.3,385.6,TX,TX-3
271.8,428.7,TX,TX-2
271.8,417.9,TX,TX-2
281,412.4,TX,TX-2
290.5,417.9,TX,TX-2
290.5,428.7,TX,TX-2
281,434,TX,TX-2
280.6,412.4,TX,TX-1
280.6,401.7,TX,TX-1
289.9,396.3,TX,TX-1
299.2,401.7,TX,TX-1
299.2,412.4,TX,TX-1
289.9,417.9,TX,TX-1
363.8,284.7,TN,TN-9
354.5,279.3,TN,TN-9
354.5,268.5,TN,TN-9
363.8,263.2,TN,TN-9
373,268.5,TN,TN-9
373,279.3,TN,TN-9
354.5,268.5,TN,TN-8
345.2,263.2,TN,TN-8
345.2,252.4,TN,TN-8
354.5,247.1,TN,TN-8
363.8,252.4,TN,TN-8
363.8,263.2,TN,TN-8
363.8,263.2,TN,TN-7
363.8,252.4,TN,TN-7
373,247.1,TN,TN-7
382.5,252.4,TN,TN-7
382.5,263.2,TN,TN-7
373,268.5,TN,TN-7
382.5,263.2,TN,TN-6
382.5,252.4,TN,TN-6
391.7,247.1,TN,TN-6
401,252.4,TN,TN-6
401,263.2,TN,TN-6
391.7,268.5,TN,TN-6
373,279.3,TN,TN-5
373,268.5,TN,TN-5
382.5,263.2,TN,TN-5
391.7,268.5,TN,TN-5
391.7,279.3,TN,TN-5
382.5,284.7,TN,TN-5
391.7,279.3,TN,TN-4
391.7,268.5,TN,TN-4
401,263.2,TN,TN-4
410.3,268.5,TN,TN-4
410.3,279.3,TN,TN-4
401,284.7,TN,TN-4
410.3,279.3,TN,TN-3
410.3,268.5,TN,TN-3
419.7,263.2,TN,TN-3
429,268.5,TN,TN-3
429,279.3,TN,TN-3
419.7,284.7,TN,TN-3
401,263.2,TN,TN-2
401,252.4,TN,TN-2
410.3,247.1,TN,TN-2
419.7,252.4,TN,TN-2
419.7,263.2,TN,TN-2
410.3,268.5,TN,TN-2
419.7,263.2,TN,TN-1
419.7,252.4,TN,TN-1
429,247.1,TN,TN-1
438.3,252.4,TN,TN-1
438.3,263.2,TN,TN-1
429,268.5,TN,TN-1
181.2,140.5,SD,SD-1
181.2,129.8,SD,SD-1
190.6,124.4,SD,SD-1
199.9,129.8,SD,SD-1
199.9,140.5,SD,SD-1
190.6,145.9,SD,SD-1
562.2,359.1,SC,SC-7
562.2,348.3,SC,SC-7
571.5,342.8,SC,SC-7
580.8,348.3,SC,SC-7
580.8,359.1,SC,SC-7
571.5,364.4,SC,SC-7
534.2,375.2,SC,SC-6
534.2,364.4,SC,SC-6
543.5,359.1,SC,SC-6
552.8,364.4,SC,SC-6
552.8,375.2,SC,SC-6
543.5,380.5,SC,SC-6
543.5,359.1,SC,SC-5
543.5,348.3,SC,SC-5
552.8,342.8,SC,SC-5
562.2,348.3,SC,SC-5
562.2,359.1,SC,SC-5
552.8,364.4,SC,SC-5
534.2,342.8,SC,SC-4
534.2,332,SC,SC-4
543.5,326.7,SC,SC-4
552.8,332,SC,SC-4
552.8,342.8,SC,SC-4
543.5,348.3,SC,SC-4
515.5,342.8,SC,SC-3
515.5,332,SC,SC-3
524.9,326.7,SC,SC-3
534.2,332,SC,SC-3
534.2,342.8,SC,SC-3
524.9,348.3,SC,SC-3
524.9,359.1,SC,SC-2
524.9,348.3,SC,SC-2
534.2,342.8,SC,SC-2
543.5,348.3,SC,SC-2
543.5,359.1,SC,SC-2
534.2,364.4,SC,SC-2
552.8,375.2,SC,SC-1
552.8,364.4,SC,SC-1
562.2,359.1,SC,SC-1
571.5,364.4,SC,SC-1
571.5,375.2,SC,SC-1
562.2,380.5,SC,SC-1
627,183.2,RI,RI-2
627,172.4,RI,RI-2
636.4,167,RI,RI-2
645.7,172.4,RI,RI-2
645.7,183.2,RI,RI-2
636.4,188.6,RI,RI-2
636.4,199.4,RI,RI-1
636.4,188.6,RI,RI-1
645.7,183.2,RI,RI-1
655,188.6,RI,RI-1
655,199.4,RI,RI-1
645.7,204.7,RI,RI-1
458.8,144.5,PA,PA-17
458.8,133.7,PA,PA-17
468.1,128.2,PA,PA-17
477.4,133.7,PA,PA-17
477.4,144.5,PA,PA-17
468.1,149.8,PA,PA-17
449.8,128.3,PA,PA-16
449.8,117.5,PA,PA-16
459.1,112.2,PA,PA-16
468.4,117.5,PA,PA-16
468.4,128.3,PA,PA-16
459.1,133.8,PA,PA-16
468.1,128.2,PA,PA-15
468.1,117.4,PA,PA-15
477.4,112.1,PA,PA-15
486.8,117.4,PA,PA-15
486.8,128.2,PA,PA-15
477.4,133.7,PA,PA-15
468.1,160.6,PA,PA-14
468.1,149.8,PA,PA-14
477.4,144.5,PA,PA-14
486.8,149.8,PA,PA-14
486.8,160.6,PA,PA-14
477.4,165.9,PA,PA-14
486.8,160.6,PA,PA-13
486.8,149.8,PA,PA-13
496.1,144.5,PA,PA-13
505.3,149.8,PA,PA-13
505.3,160.6,PA,PA-13
496.1,165.9,PA,PA-13
477.4,144.5,PA,PA-12
477.4,133.7,PA,PA-12
486.8,128.2,PA,PA-12
496.1,133.7,PA,PA-12
496.1,144.5,PA,PA-12
486.8,149.8,PA,PA-12
505.3,160.6,PA,PA-11
505.3,149.8,PA,PA-11
514.6,144.5,PA,PA-11
524.1,149.8,PA,PA-11
524.1,160.6,PA,PA-11
514.6,165.9,PA,PA-11
496.1,144.5,PA,PA-10
496.1,133.7,PA,PA-10
505.3,128.2,PA,PA-10
514.6,133.7,PA,PA-10
514.6,144.5,PA,PA-10
505.3,149.8,PA,PA-10
486.8,128.2,PA,PA-9
486.8,117.4,PA,PA-9
496.1,112.1,PA,PA-9
505.3,117.4,PA,PA-9
505.3,128.2,PA,PA-9
496.1,133.7,PA,PA-9
505.3,128.2,PA,PA-8
505.3,117.4,PA,PA-8
514.6,112.1,PA,PA-8
524.1,117.4,PA,PA-8
524.1,128.2,PA,PA-8
514.6,133.7,PA,PA-8
524.1,128.2,PA,PA-7
524.1,117.4,PA,PA-7
533.3,112.1,PA,PA-7
542.6,117.4,PA,PA-7
542.6,128.2,PA,PA-7
533.3,133.7,PA,PA-7
524.1,160.6,PA,PA-6
524.1,149.8,PA,PA-6
533.3,144.5,PA,PA-6
542.6,149.8,PA,PA-6
542.6,160.6,PA,PA-6
533.3,165.9,PA,PA-6
542.6,160.6,PA,PA-5
542.6,149.8,PA,PA-5
551.9,144.5,PA,PA-5
561.3,149.8,PA,PA-5
561.3,160.6,PA,PA-5
551.9,165.9,PA,PA-5
514.6,144.5,PA,PA-4
514.6,133.7,PA,PA-4
524.1,128.2,PA,PA-4
533.3,133.7,PA,PA-4
533.3,144.5,PA,PA-4
524.1,149.8,PA,PA-4
533.3,144.5,PA,PA-3
533.3,133.7,PA,PA-3
542.6,128.2,PA,PA-3
551.9,133.7,PA,PA-3
551.9,144.5,PA,PA-3
542.6,149.8,PA,PA-3
551.8,144.5,PA,PA-2
551.8,133.7,PA,PA-2
561.2,128.2,PA,PA-2
570.5,133.7,PA,PA-2
570.5,144.5,PA,PA-2
561.2,149.8,PA,PA-2
542.6,128.2,PA,PA-1
542.6,117.4,PA,PA-1
551.9,112.1,PA,PA-1
561.3,117.4,PA,PA-1
561.3,128.2,PA,PA-1
551.9,133.7,PA,PA-1
65.6,108.7,OR,OR-6
65.6,97.9,OR,OR-6
74.9,92.4,OR,OR-6
84.3,97.9,OR,OR-6
84.3,108.7,OR,OR-6
74.9,114,OR,OR-6
56.3,124.9,OR,OR-5
56.3,114.1,OR,OR-5
65.7,108.8,OR,OR-5
75,114.1,OR,OR-5
75,124.9,OR,OR-5
65.7,130.2,OR,OR-5
37.7,124.9,OR,OR-4
37.7,114.1,OR,OR-4
47,108.8,OR,OR-4
56.3,114.1,OR,OR-4
56.3,124.9,OR,OR-4
47,130.2,OR,OR-4
84.3,108.7,OR,OR-3
84.3,97.9,OR,OR-3
93.6,92.4,OR,OR-3
102.9,97.9,OR,OR-3
102.9,108.7,OR,OR-3
93.6,114,OR,OR-3
75,125,OR,OR-2
75,114.2,OR,OR-2
84.3,108.7,OR,OR-2
93.6,114.2,OR,OR-2
93.6,125,OR,OR-2
84.3,130.3,OR,OR-2
47,108.7,OR,OR-1
47,97.9,OR,OR-1
56.3,92.4,OR,OR-1
65.6,97.9,OR,OR-1
65.6,108.7,OR,OR-1
56.3,114,OR,OR-1
285.6,349.2,OK,OK-5
285.6,338.4,OK,OK-5
294.9,333.1,OK,OK-5
304.1,338.4,OK,OK-5
304.1,349.2,OK,OK-5
294.9,354.5,OK,OK-5
266.9,349.2,OK,OK-4
266.9,338.4,OK,OK-4
276.1,333.1,OK,OK-4
285.6,338.4,OK,OK-4
285.6,349.2,OK,OK-4
276.1,354.5,OK,OK-4
248.3,349.2,OK,OK-3
248.3,338.4,OK,OK-3
257.6,333.1,OK,OK-3
266.9,338.4,OK,OK-3
266.9,349.2,OK,OK-3
257.6,354.5,OK,OK-3
294.9,365.3,OK,OK-2
294.9,354.5,OK,OK-2
304.1,349.2,OK,OK-2
313.4,354.5,OK,OK-2
313.4,365.3,OK,OK-2
304.1,370.8,OK,OK-2
304.1,349.2,OK,OK-1
304.1,338.4,OK,OK-1
313.4,333.1,OK,OK-1
322.9,338.4,OK,OK-1
322.9,349.2,OK,OK-1
313.4,354.5,OK,OK-1
374.6,161.2,OH,OH-15
374.6,150.4,OH,OH-15
383.9,144.9,OH,OH-15
393.2,150.4,OH,OH-15
393.2,161.2,OH,OH-15
383.9,166.5,OH,OH-15
411.9,128.8,OH,OH-14
411.9,118.1,OH,OH-14
421.2,112.7,OH,OH-14
430.6,118.1,OH,OH-14
430.6,128.8,OH,OH-14
421.2,134.2,OH,OH-14
421.2,144.9,OH,OH-13
421.2,134.2,OH,OH-13
430.6,128.8,OH,OH-13
439.9,134.2,OH,OH-13
439.9,144.9,OH,OH-13
430.6,150.4,OH,OH-13
402.6,177.3,OH,OH-12
402.6,166.5,OH,OH-12
411.9,161.2,OH,OH-12
421.2,166.5,OH,OH-12
421.2,177.3,OH,OH-12
411.9,182.6,OH,OH-12
402.6,144.9,OH,OH-11
402.6,134.2,OH,OH-11
411.9,128.8,OH,OH-11
421.2,134.2,OH,OH-11
421.2,144.9,OH,OH-11
411.9,150.4,OH,OH-11
365.3,177.3,OH,OH-10
365.3,166.5,OH,OH-10
374.6,161.2,OH,OH-10
383.9,166.5,OH,OH-10
383.9,177.3,OH,OH-10
374.6,182.6,OH,OH-10
355.9,128.8,OH,OH-9
355.9,118.1,OH,OH-9
365.3,112.7,OH,OH-9
374.6,118.1,OH,OH-9
374.6,128.8,OH,OH-9
365.3,134.2,OH,OH-9
365.3,144.9,OH,OH-8
365.3,134.2,OH,OH-8
374.6,128.8,OH,OH-8
383.9,134.2,OH,OH-8
383.9,144.9,OH,OH-8
374.6,150.4,OH,OH-8
383.9,144.9,OH,OH-7
383.9,134.2,OH,OH-7
393.2,128.8,OH,OH-7
402.6,134.2,OH,OH-7
402.6,144.9,OH,OH-7
393.2,150.4,OH,OH-7
411.9,161.2,OH,OH-6
411.9,150.4,OH,OH-6
421.2,144.9,OH,OH-6
430.6,150.4,OH,OH-6
430.6,161.2,OH,OH-6
421.2,166.5,OH,OH-6
374.6,128.8,OH,OH-5
374.6,118.1,OH,OH-5
383.9,112.7,OH,OH-5
393.2,118.1,OH,OH-5
393.2,128.8,OH,OH-5
383.9,134.2,OH,OH-5
393.2,161.2,OH,OH-4
393.2,150.4,OH,OH-4
402.6,144.9,OH,OH-4
411.9,150.4,OH,OH-4
411.9,161.2,OH,OH-4
402.6,166.5,OH,OH-4
383.9,177.3,OH,OH-3
383.9,166.5,OH,OH-3
393.2,161.2,OH,OH-3
402.6,166.5,OH,OH-3
402.6,177.3,OH,OH-3
393.2,182.6,OH,OH-3
393.2,193.4,OH,OH-2
393.2,182.6,OH,OH-2
402.6,177.3,OH,OH-2
411.9,182.6,OH,OH-2
411.9,193.4,OH,OH-2
402.6,198.7,OH,OH-2
355.9,161.2,OH,OH-1
355.9,150.4,OH,OH-1
365.2,144.9,OH,OH-1
374.6,150.4,OH,OH-1
374.6,161.2,OH,OH-1
365.2,166.5,OH,OH-1
443.2,67.6,NY,NY-26
443.2,56.8,NY,NY-26
452.6,51.5,NY,NY-26
461.9,56.8,NY,NY-26
461.9,67.6,NY,NY-26
452.6,72.9,NY,NY-26
433.9,83.3,NY,NY-25
433.9,72.5,NY,NY-25
443.2,67,NY,NY-25
452.6,72.5,NY,NY-25
452.6,83.3,NY,NY-25
443.2,88.6,NY,NY-25
517.9,2.5,NY,NY-24
508.4,7.8,NY,NY-24
508.4,18.6,NY,NY-24
517.9,24.1,NY,NY-24
527.1,18.6,NY,NY-24
527.1,7.8,NY,NY-24
424.6,99.4,NY,NY-23
424.6,88.6,NY,NY-23
433.9,83.3,NY,NY-23
443.2,88.6,NY,NY-23
443.2,99.4,NY,NY-23
433.9,104.7,NY,NY-23
499.1,34.8,NY,NY-22
499.1,24.1,NY,NY-22
508.4,18.6,NY,NY-22
517.9,24.1,NY,NY-22
517.9,34.8,NY,NY-22
508.4,40.2,NY,NY-22
536.4,2.5,NY,NY-21
527.1,7.8,NY,NY-21
527.1,18.6,NY,NY-21
536.4,24.1,NY,NY-21
545.7,18.6,NY,NY-21
545.7,7.8,NY,NY-21
517.9,34.8,NY,NY-20
517.9,24.1,NY,NY-20
527.1,18.6,NY,NY-20
536.4,24.1,NY,NY-20
536.4,34.8,NY,NY-20
527.1,40.2,NY,NY-20
536.4,34.8,NY,NY-19
536.4,24.1,NY,NY-19
545.7,18.6,NY,NY-19
555.1,24.1,NY,NY-19
555.1,34.8,NY,NY-19
545.7,40.2,NY,NY-19
489.9,50.9,NY,NY-18
489.9,40.2,NY,NY-18
499.1,34.8,NY,NY-18
508.4,40.2,NY,NY-18
508.4,50.9,NY,NY-18
499.1,56.3,NY,NY-18
508.4,50.9,NY,NY-17
508.4,40.2,NY,NY-17
517.9,34.8,NY,NY-17
527.1,40.2,NY,NY-17
527.1,50.9,NY,NY-17
517.9,56.3,NY,NY-17
527.1,50.9,NY,NY-16
527.1,40.2,NY,NY-16
536.4,34.8,NY,NY-16
545.7,40.2,NY,NY-16
545.7,50.9,NY,NY-16
536.4,56.3,NY,NY-16
517.9,67,NY,NY-15
517.9,56.3,NY,NY-15
527.1,50.9,NY,NY-15
536.4,56.3,NY,NY-15
536.4,67,NY,NY-15
527.1,72.5,NY,NY-15
536.4,67,NY,NY-14
536.4,56.3,NY,NY-14
545.7,50.9,NY,NY-14
555.1,56.3,NY,NY-14
555.1,67,NY,NY-14
545.7,72.5,NY,NY-14
499.1,67,NY,NY-13
499.1,56.3,NY,NY-13
508.4,50.9,NY,NY-13
517.9,56.3,NY,NY-13
517.9,67,NY,NY-13
508.4,72.5,NY,NY-13
480.4,67,NY,NY-12
480.4,56.3,NY,NY-12
489.9,50.9,NY,NY-12
499.1,56.3,NY,NY-12
499.1,67,NY,NY-12
489.9,72.5,NY,NY-12
452.6,83.3,NY,NY-11
452.6,72.5,NY,NY-11
461.9,67,NY,NY-11
471.1,72.5,NY,NY-11
471.1,83.3,NY,NY-11
461.9,88.6,NY,NY-11
461.9,67.6,NY,NY-10
461.9,56.8,NY,NY-10
471.1,51.5,NY,NY-10
480.4,56.8,NY,NY-10
480.4,67.6,NY,NY-10
471.1,72.9,NY,NY-10
471.1,83.3,NY,NY-9
471.1,72.5,NY,NY-9
480.4,67,NY,NY-9
489.9,72.5,NY,NY-9
489.9,83.3,NY,NY-9
480.4,88.6,NY,NY-9
489.9,83.3,NY,NY-8
489.9,72.5,NY,NY-8
499.1,67,NY,NY-8
508.4,72.5,NY,NY-8
508.4,83.3,NY,NY-8
499.1,88.6,NY,NY-8
508.4,83.3,NY,NY-7
508.4,72.5,NY,NY-7
517.9,67,NY,NY-7
527.1,72.5,NY,NY-7
527.1,83.3,NY,NY-7
517.9,88.6,NY,NY-7
527.1,83.3,NY,NY-6
527.1,72.5,NY,NY-6
536.4,67,NY,NY-6
545.7,72.5,NY,NY-6
545.7,83.3,NY,NY-6
536.4,88.6,NY,NY-6
443.2,99.4,NY,NY-5
443.2,88.6,NY,NY-5
452.6,83.3,NY,NY-5
461.9,88.6,NY,NY-5
461.9,99.4,NY,NY-5
452.6,104.7,NY,NY-5
461.9,99.4,NY,NY-4
461.9,88.6,NY,NY-4
471.1,83.3,NY,NY-4
480.4,88.6,NY,NY-4
480.4,99.4,NY,NY-4
471.1,104.7,NY,NY-4
480.4,99.4,NY,NY-3
480.4,88.6,NY,NY-3
489.9,83.3,NY,NY-3
499.1,88.6,NY,NY-3
499.1,99.4,NY,NY-3
489.9,104.7,NY,NY-3
499.1,99.4,NY,NY-2
499.1,88.6,NY,NY-2
508.4,83.3,NY,NY-2
517.9,88.6,NY,NY-2
517.9,99.4,NY,NY-2
508.4,104.7,NY,NY-2
517.9,99.4,NY,NY-1
517.9,88.6,NY,NY-1
527.1,83.3,NY,NY-1
536.4,88.6,NY,NY-1
536.4,99.4,NY,NY-1
527.1,104.7,NY,NY-1
76.6,242.5,NV,NV-4
76.6,231.8,NV,NV-4
85.9,226.4,NV,NV-4
95.3,231.8,NV,NV-4
95.3,242.5,NV,NV-4
85.9,248,NV,NV-4
85.9,258.8,NV,NV-3
85.9,248,NV,NV-3
95.3,242.5,NV,NV-3
104.6,248,NV,NV-3
104.6,258.8,NV,NV-3
95.3,264.1,NV,NV-3
85.9,226.4,NV,NV-2
85.9,215.7,NV,NV-2
95.3,210.3,NV,NV-2
104.6,215.7,NV,NV-2
104.6,226.4,NV,NV-2
95.3,231.8,NV,NV-2
95.3,242.5,NV,NV-1
95.3,231.8,NV,NV-1
104.6,226.4,NV,NV-1
113.9,231.8,NV,NV-1
113.9,242.5,NV,NV-1
104.6,248,NV,NV-1
203.1,329.8,NM,NM-3
203.1,318.9,NM,NM-3
212.4,313.5,NM,NM-3
221.7,319,NM,NM-3
221.8,329.7,NM,NM-3
212.4,335.1,NM,NM-3
193.7,346.1,NM,NM-2
193.7,335.4,NM,NM-2
203,330,NM,NM-2
212.4,335.3,NM,NM-2
212.4,346.2,NM,NM-2
203.1,351.6,NM,NM-2
212.4,346.2,NM,NM-1
212.4,335.3,NM,NM-1
221.8,329.9,NM,NM-1
231.1,335.4,NM,NM-1
231.1,346.1,NM,NM-1
221.8,351.5,NM,NM-1
598.6,230.4,NJ,NJ-12
598.6,219.6,NJ,NJ-12
607.9,214.3,NJ,NJ-12
617.2,219.6,NJ,NJ-12
617.2,230.4,NJ,NJ-12
607.9,235.9,NJ,NJ-12
579.9,198.2,NJ,NJ-11
579.9,187.4,NJ,NJ-11
589.2,182,NJ,NJ-11
598.6,187.4,NJ,NJ-11
598.6,198.2,NJ,NJ-11
589.2,203.5,NJ,NJ-11
598.6,198.2,NJ,NJ-10
598.6,187.4,NJ,NJ-10
607.9,182,NJ,NJ-10
617.2,187.4,NJ,NJ-10
617.2,198.2,NJ,NJ-10
607.9,203.5,NJ,NJ-10
589.2,182,NJ,NJ-9
589.2,171.2,NJ,NJ-9
598.6,165.9,NJ,NJ-9
607.9,171.2,NJ,NJ-9
607.9,182,NJ,NJ-9
598.6,187.4,NJ,NJ-9
607.9,214.3,NJ,NJ-8
607.9,203.5,NJ,NJ-8
617.2,198.2,NJ,NJ-8
626.5,203.5,NJ,NJ-8
626.5,214.3,NJ,NJ-8
617.2,219.6,NJ,NJ-8
589.2,214.3,NJ,NJ-7
589.2,203.5,NJ,NJ-7
598.6,198.2,NJ,NJ-7
607.9,203.5,NJ,NJ-7
607.9,214.3,NJ,NJ-7
598.6,219.6,NJ,NJ-7
617.2,230.4,NJ,NJ-6
617.2,219.6,NJ,NJ-6
626.5,214.3,NJ,NJ-6
635.9,219.6,NJ,NJ-6
635.9,230.4,NJ,NJ-6
626.5,235.9,NJ,NJ-6
570.6,182,NJ,NJ-5
570.6,171.2,NJ,NJ-5
579.9,165.9,NJ,NJ-5
589.2,171.2,NJ,NJ-5
589.2,182,NJ,NJ-5
579.9,187.4,NJ,NJ-5
607.9,246.7,NJ,NJ-4
607.9,235.9,NJ,NJ-4
617.2,230.4,NJ,NJ-4
626.5,235.9,NJ,NJ-4
626.5,246.7,NJ,NJ-4
617.2,252,NJ,NJ-4
598.6,252,NJ,NJ-3
589.2,246.7,NJ,NJ-3
589.2,235.9,NJ,NJ-3
598.6,230.4,NJ,NJ-3
607.9,235.9,NJ,NJ-3
607.9,246.7,NJ,NJ-3
598.6,262.8,NJ,NJ-2
598.6,252,NJ,NJ-2
607.9,246.7,NJ,NJ-2
617.3,252,NJ,NJ-2
617.3,262.8,NJ,NJ-2
607.9,268.1,NJ,NJ-2
598.6,262.8,NJ,NJ-1
589.3,268.1,NJ,NJ-1
580,262.8,NJ,NJ-1
580,252,NJ,NJ-1
589.3,246.7,NJ,NJ-1
598.6,252,NJ,NJ-1
602.2,28.7,NH,NH-2
592.9,34,NH,NH-2
592.9,44.8,NH,NH-2
602.2,50.2,NH,NH-2
611.5,44.8,NH,NH-2
611.5,34,NH,NH-2
602.2,61,NH,NH-1
602.2,50.2,NH,NH-1
611.5,44.8,NH,NH-1
620.9,50.2,NH,NH-1
620.9,61,NH,NH-1
611.5,66.3,NH,NH-1
187.1,227.2,NE,NE-3
187.1,216.4,NE,NE-3
196.4,211.1,NE,NE-3
205.6,216.4,NE,NE-3
205.6,227.2,NE,NE-3
196.4,232.7,NE,NE-3
205.5,227.3,NE,NE-2
205.5,216.6,NE,NE-2
214.8,211.1,NE,NE-2
224.1,216.6,NE,NE-2
224.1,227.3,NE,NE-2
214.8,232.7,NE,NE-2
214.8,243.4,NE,NE-1
214.8,232.7,NE,NE-1
224.1,227.3,NE,NE-1
233.5,232.7,NE,NE-1
233.5,243.4,NE,NE-1
224.1,248.8,NE,NE-1
146.1,114.1,ND,ND-1
146.1,103.3,ND,ND-1
155.4,97.8,ND,ND-1
164.8,103.3,ND,ND-1
164.8,114.1,ND,ND-1
155.4,119.4,ND,ND-1
512.5,311.7,NC,NC-14
512.5,300.9,NC,NC-14
521.8,295.6,NC,NC-14
531.2,300.9,NC,NC-14
531.2,311.7,NC,NC-14
521.8,317,NC,NC-14
568.5,311.7,NC,NC-13
568.5,300.9,NC,NC-13
577.8,295.6,NC,NC-13
587.1,300.9,NC,NC-13
587.1,311.7,NC,NC-13
577.8,317,NC,NC-13
531.2,311.7,NC,NC-12
531.2,300.9,NC,NC-12
540.5,295.6,NC,NC-12
549.8,300.9,NC,NC-12
549.8,311.7,NC,NC-12
540.5,317,NC,NC-12
484.6,295.6,NC,NC-11
484.6,284.8,NC,NC-11
493.9,279.3,NC,NC-11
503.2,284.8,NC,NC-11
503.2,295.6,NC,NC-11
493.9,300.9,NC,NC-11
503.2,295.6,NC,NC-10
503.2,284.8,NC,NC-10
512.5,279.3,NC,NC-10
521.8,284.8,NC,NC-10
521.8,295.6,NC,NC-10
512.5,300.9,NC,NC-10
559.1,327.8,NC,NC-9
559.1,317,NC,NC-9
568.5,311.7,NC,NC-9
577.8,317,NC,NC-9
577.8,327.8,NC,NC-9
568.5,333.3,NC,NC-9
549.8,311.7,NC,NC-8
549.8,300.9,NC,NC-8
559.1,295.6,NC,NC-8
568.5,300.9,NC,NC-8
568.5,311.7,NC,NC-8
559.1,317,NC,NC-8
577.8,327.8,NC,NC-7
577.8,317,NC,NC-7
587.1,311.7,NC,NC-7
596.4,317,NC,NC-7
596.4,327.8,NC,NC-7
587.1,333.3,NC,NC-7
540.5,295.6,NC,NC-6
540.5,284.8,NC,NC-6
549.8,279.3,NC,NC-6
559.1,284.8,NC,NC-6
559.1,295.6,NC,NC-6
549.8,300.9,NC,NC-6
521.8,295.6,NC,NC-5
521.8,284.8,NC,NC-5
531.2,279.3,NC,NC-5
540.5,284.8,NC,NC-5
540.5,295.6,NC,NC-5
531.2,300.9,NC,NC-5
559.1,295.6,NC,NC-4
559.1,284.8,NC,NC-4
568.5,279.3,NC,NC-4
577.8,284.8,NC,NC-4
577.8,295.6,NC,NC-4
568.5,300.9,NC,NC-4
587.1,311.7,NC,NC-3
587.1,300.9,NC,NC-3
596.4,295.6,NC,NC-3
605.8,300.9,NC,NC-3
605.8,311.7,NC,NC-3
596.4,317,NC,NC-3
577.8,295.6,NC,NC-2
577.8,284.8,NC,NC-2
587.1,279.3,NC,NC-2
596.4,284.8,NC,NC-2
596.4,295.6,NC,NC-2
587.1,300.9,NC,NC-2
596.4,295.6,NC,NC-1
596.4,284.8,NC,NC-1
605.8,279.3,NC,NC-1
615.1,284.8,NC,NC-1
615.1,295.6,NC,NC-1
605.8,300.9,NC,NC-1
131.7,155.8,MT,MT-2
131.7,145.1,MT,MT-2
141,139.7,MT,MT-2
150.3,145.1,MT,MT-2
150.3,155.8,MT,MT-2
141,161.2,MT,MT-2
122.4,140,MT,MT-1
122.4,129.2,MT,MT-1
131.7,123.9,MT,MT-1
141,129.2,MT,MT-1
141,140,MT,MT-1
131.7,145.3,MT,MT-1
408,435.4,MS,MS-4
408,424.6,MS,MS-4
417.4,419.3,MS,MS-4
426.7,424.6,MS,MS-4
426.7,435.4,MS,MS-4
417.4,440.7,MS,MS-4
417.4,419.3,MS,MS-3
417.4,408.5,MS,MS-3
426.7,403,MS,MS-3
436,408.5,MS,MS-3
436,419.3,MS,MS-3
426.7,424.6,MS,MS-3
398.7,419.3,MS,MS-2
398.7,408.5,MS,MS-2
408,403,MS,MS-2
417.4,408.5,MS,MS-2
417.4,419.3,MS,MS-2
408,424.6,MS,MS-2
408,403,MS,MS-1
408,392.3,MS,MS-1
417.4,386.9,MS,MS-1
426.7,392.3,MS,MS-1
426.7,403,MS,MS-1
417.4,408.5,MS,MS-1
346.4,320.1,MO,MO-8
346.4,309.3,MO,MO-8
355.7,304,MO,MO-8
365.1,309.3,MO,MO-8
365.1,320.1,MO,MO-8
355.7,325.4,MO,MO-8
327.8,320.2,MO,MO-7
327.8,309.4,MO,MO-7
337.1,303.9,MO,MO-7
346.4,309.4,MO,MO-7
346.4,320.2,MO,MO-7
337.1,325.5,MO,MO-7
309.1,287.8,MO,MO-6
309.1,277,MO,MO-6
318.5,271.7,MO,MO-6
327.8,277,MO,MO-6
327.8,287.8,MO,MO-6
318.5,293.1,MO,MO-6
290.5,287.8,MO,MO-5
290.5,277,MO,MO-5
299.8,271.7,MO,MO-5
309.1,277,MO,MO-5
309.1,287.8,MO,MO-5
299.8,293.1,MO,MO-5
309.1,320.2,MO,MO-4
309.1,309.4,MO,MO-4
318.5,303.9,MO,MO-4
327.8,309.4,MO,MO-4
327.8,320.2,MO,MO-4
318.5,325.5,MO,MO-4
299.8,303.9,MO,MO-3
299.8,293.1,MO,MO-3
309.1,287.8,MO,MO-3
318.5,293.1,MO,MO-3
318.5,303.9,MO,MO-3
309.1,309.4,MO,MO-3
318.5,303.9,MO,MO-2
318.5,293.1,MO,MO-2
327.8,287.8,MO,MO-2
337.1,293.1,MO,MO-2
337.1,303.9,MO,MO-2
327.8,309.4,MO,MO-2
337.1,304.1,MO,MO-1
337.1,293.3,MO,MO-1
346.4,287.8,MO,MO-1
355.7,293.3,MO,MO-1
355.7,304.1,MO,MO-1
346.4,309.4,MO,MO-1
183.1,44.4,MN,MN-8
183.1,33.6,MN,MN-8
192.4,28.3,MN,MN-8
201.8,33.6,MN,MN-8
201.8,44.4,MN,MN-8
192.4,49.7,MN,MN-8
164.5,44.4,MN,MN-7
164.5,33.6,MN,MN-7
173.8,28.3,MN,MN-7
183.1,33.6,MN,MN-7
183.1,44.4,MN,MN-7
173.8,49.7,MN,MN-7
155.1,60.5,MN,MN-6
155.1,49.7,MN,MN-6
164.5,44.4,MN,MN-6
173.8,49.7,MN,MN-6
173.8,60.5,MN,MN-6
164.5,66,MN,MN-6
183.1,76.7,MN,MN-5
183.1,66,MN,MN-5
192.4,60.5,MN,MN-5
201.8,66,MN,MN-5
201.8,76.7,MN,MN-5
192.4,82.1,MN,MN-5
173.8,60.5,MN,MN-4
173.8,49.7,MN,MN-4
183.1,44.4,MN,MN-4
192.4,49.7,MN,MN-4
192.4,60.5,MN,MN-4
183.1,66,MN,MN-4
164.5,76.7,MN,MN-3
164.5,66,MN,MN-3
173.8,60.5,MN,MN-3
183.1,66,MN,MN-3
183.1,76.7,MN,MN-3
173.8,82.1,MN,MN-3
173.8,92.8,MN,MN-2
173.8,82.1,MN,MN-2
183.1,76.7,MN,MN-2
192.4,82.1,MN,MN-2
192.4,92.8,MN,MN-2
183.1,98.2,MN,MN-2
192.4,92.8,MN,MN-1
192.4,82.1,MN,MN-1
201.8,76.7,MN,MN-1
211.1,82.1,MN,MN-1
211.1,92.8,MN,MN-1
201.8,98.2,MN,MN-1
335.6,92.4,MI,MI-13
335.6,81.7,MI,MI-13
345,76.3,MI,MI-13
354.3,81.7,MI,MI-13
354.3,92.4,MI,MI-13
345,97.9,MI,MI-13
317,92.4,MI,MI-12
317,81.7,MI,MI-12
326.3,76.3,MI,MI-12
335.6,81.7,MI,MI-12
335.6,92.4,MI,MI-12
326.3,97.9,MI,MI-12
326.3,76.3,MI,MI-11
326.3,65.6,MI,MI-11
335.6,60.2,MI,MI-11
345,65.6,MI,MI-11
345,76.3,MI,MI-11
335.6,81.7,MI,MI-11
345,76.3,MI,MI-10
345,65.6,MI,MI-10
354.3,60.2,MI,MI-10
363.6,65.6,MI,MI-10
363.6,76.3,MI,MI-10
354.3,81.7,MI,MI-10
326.3,44,MI,MI-9
326.3,33.2,MI,MI-9
335.6,27.9,MI,MI-9
345,33.2,MI,MI-9
345,44,MI,MI-9
335.6,49.4,MI,MI-9
317,60.2,MI,MI-8
317,49.4,MI,MI-8
326.3,44,MI,MI-8
335.6,49.4,MI,MI-8
335.6,60.2,MI,MI-8
326.3,65.6,MI,MI-8
307.8,76.3,MI,MI-7
307.8,65.6,MI,MI-7
317,60.2,MI,MI-7
326.3,65.6,MI,MI-7
326.3,76.3,MI,MI-7
317,81.7,MI,MI-7
326.3,108.7,MI,MI-6
326.3,97.9,MI,MI-6
335.6,92.4,MI,MI-6
345,97.9,MI,MI-6
345,108.7,MI,MI-6
335.6,114,MI,MI-6
307.8,108.7,MI,MI-5
307.8,97.9,MI,MI-5
317,92.4,MI,MI-5
326.3,97.9,MI,MI-5
326.3,108.7,MI,MI-5
317,114,MI,MI-5
298.3,92.4,MI,MI-4
298.3,81.7,MI,MI-4
307.8,76.3,MI,MI-4
317,81.7,MI,MI-4
317,92.4,MI,MI-4
307.8,97.9,MI,MI-4
298.3,81.7,MI,MI-3
289,76.3,MI,MI-3
289,65.6,MI,MI-3
298.3,60.2,MI,MI-3
307.8,65.6,MI,MI-3
307.8,76.3,MI,MI-3
298.3,60.2,MI,MI-2
298.3,49.4,MI,MI-2
307.8,44,MI,MI-2
317,49.4,MI,MI-2
317,60.2,MI,MI-2
307.8,65.6,MI,MI-2
307.8,44,MI,MI-1
307.8,33.2,MI,MI-1
317,27.9,MI,MI-1
326.3,33.2,MI,MI-1
326.3,44,MI,MI-1
317,49.4,MI,MI-1
486.2,189.3,MD,MD-8
486.2,178.6,MD,MD-8
495.6,173.1,MD,MD-8
504.9,178.6,MD,MD-8
504.9,189.3,MD,MD-8
495.6,194.7,MD,MD-8
504.9,189.3,MD,MD-7
504.9,178.6,MD,MD-7
514.2,173.1,MD,MD-7
523.5,178.6,MD,MD-7
523.5,189.3,MD,MD-7
514.2,194.7,MD,MD-7
430.3,189.3,MD,MD-6
430.3,178.6,MD,MD-6
439.6,173.1,MD,MD-6
448.9,178.6,MD,MD-6
448.9,189.3,MD,MD-6
439.6,194.7,MD,MD-6
514.2,205.4,MD,MD-5
514.2,194.7,MD,MD-5
523.5,189.3,MD,MD-5
532.9,194.7,MD,MD-5
532.9,205.4,MD,MD-5
523.5,210.8,MD,MD-5
495.6,205.4,MD,MD-4
495.6,194.7,MD,MD-4
504.9,189.3,MD,MD-4
514.2,194.7,MD,MD-4
514.2,205.4,MD,MD-4
504.9,210.8,MD,MD-4
467.6,189.3,MD,MD-3
467.6,178.6,MD,MD-3
476.9,173.1,MD,MD-3
486.2,178.6,MD,MD-3
486.2,189.3,MD,MD-3
476.9,194.7,MD,MD-3
448.9,189.3,MD,MD-2
448.9,178.6,MD,MD-2
458.3,173.1,MD,MD-2
467.6,178.6,MD,MD-2
467.6,189.3,MD,MD-2
458.3,194.7,MD,MD-2
523.5,189.3,MD,MD-1
523.5,178.6,MD,MD-1
532.9,173.1,MD,MD-1
542.2,178.6,MD,MD-1
542.2,189.3,MD,MD-1
532.9,194.7,MD,MD-1
643.5,3.5,ME,ME-2
634.2,8.8,ME,ME-2
634.2,19.6,ME,ME-2
643.5,25.1,ME,ME-2
652.8,19.6,ME,ME-2
652.8,8.8,ME,ME-2
624.9,35.8,ME,ME-1
624.9,25.1,ME,ME-1
634.2,19.6,ME,ME-1
643.5,25.1,ME,ME-1
643.5,35.8,ME,ME-1
634.2,41.2,ME,ME-1
640.7,96.6,MA,MA-9
640.7,107.4,MA,MA-9
650.1,112.7,MA,MA-9
659.4,107.4,MA,MA-9
659.4,96.6,MA,MA-9
650.1,91.2,MA,MA-9
622.1,107.4,MA,MA-8
622.1,96.6,MA,MA-8
631.4,91.2,MA,MA-8
640.7,96.6,MA,MA-8
640.7,107.4,MA,MA-8
631.4,112.7,MA,MA-8
603.5,107.4,MA,MA-7
603.5,96.6,MA,MA-7
612.9,91.2,MA,MA-7
622.2,96.6,MA,MA-7
622.2,107.4,MA,MA-7
612.9,112.7,MA,MA-7
631.4,91.2,MA,MA-6
631.4,80.4,MA,MA-6
640.7,75.1,MA,MA-6
650.1,80.4,MA,MA-6
650.1,91.2,MA,MA-6
640.7,96.6,MA,MA-6
584.8,107.4,MA,MA-5
584.8,96.6,MA,MA-5
594.1,91.2,MA,MA-5
603.4,96.6,MA,MA-5
603.4,107.4,MA,MA-5
594.1,112.7,MA,MA-5
566.2,107.4,MA,MA-4
566.2,96.6,MA,MA-4
575.6,91.2,MA,MA-4
584.9,96.6,MA,MA-4
584.9,107.4,MA,MA-4
575.6,112.7,MA,MA-4
612.8,91.2,MA,MA-3
612.8,80.4,MA,MA-3
622.1,75.1,MA,MA-3
631.4,80.4,MA,MA-3
631.4,91.2,MA,MA-3
622.1,96.6,MA,MA-3
594.1,91.2,MA,MA-2
594.1,80.4,MA,MA-2
603.4,75.1,MA,MA-2
612.8,80.4,MA,MA-2
612.8,91.2,MA,MA-2
603.4,96.6,MA,MA-2
575.6,91.2,MA,MA-1
575.6,80.4,MA,MA-1
584.8,75.1,MA,MA-1
594.1,80.4,MA,MA-1
594.1,91.2,MA,MA-1
584.8,96.6,MA,MA-1
339,410.3,LA,LA-6
339,399.6,LA,LA-6
348.3,394.1,LA,LA-6
357.7,399.6,LA,LA-6
357.7,410.3,LA,LA-6
348.3,415.7,LA,LA-6
348.3,394.1,LA,LA-5
348.3,383.3,LA,LA-5
357.7,378,LA,LA-5
367,383.3,LA,LA-5
367,394.1,LA,LA-5
357.7,399.6,LA,LA-5
329.7,394.1,LA,LA-4
329.7,383.3,LA,LA-4
339,378,LA,LA-4
348.3,383.3,LA,LA-4
348.3,394.1,LA,LA-4
339,399.6,LA,LA-4
329.7,426.4,LA,LA-3
329.7,415.6,LA,LA-3
339,410.3,LA,LA-3
348.3,415.6,LA,LA-3
348.3,426.4,LA,LA-3
339,431.7,LA,LA-3
348.3,426.4,LA,LA-2
348.3,415.7,LA,LA-2
357.7,410.3,LA,LA-2
367,415.7,LA,LA-2
367,426.4,LA,LA-2
357.7,431.8,LA,LA-2
367,426.5,LA,LA-1
367,415.7,LA,LA-1
376.3,410.3,LA,LA-1
385.5,415.7,LA,LA-1
385.5,426.5,LA,LA-1
376.3,431.8,LA,LA-1
361.3,232.4,KY,KY-6
361.3,221.6,KY,KY-6
370.6,216.1,KY,KY-6
380,221.6,KY,KY-6
380,232.4,KY,KY-6
370.6,237.7,KY,KY-6
380,232.4,KY,KY-5
380,221.6,KY,KY-5
389.3,216.1,KY,KY-5
398.6,221.6,KY,KY-5
398.6,232.4,KY,KY-5
389.3,237.7,KY,KY-5
370.6,216.1,KY,KY-4
370.6,205.3,KY,KY-4
380,200,KY,KY-4
389.3,205.3,KY,KY-4
389.3,216.1,KY,KY-4
380,221.6,KY,KY-4
352,216.1,KY,KY-3
352,205.3,KY,KY-3
361.3,200,KY,KY-3
370.6,205.3,KY,KY-3
370.6,216.1,KY,KY-3
361.3,221.6,KY,KY-3
342.7,232.4,KY,KY-2
342.7,221.6,KY,KY-2
352,216.1,KY,KY-2
361.3,221.6,KY,KY-2
361.3,232.4,KY,KY-2
352,237.7,KY,KY-2
323.9,232.3,KY,KY-1
323.9,221.5,KY,KY-1
333.2,216.2,KY,KY-1
342.7,221.5,KY,KY-1
342.7,232.3,KY,KY-1
333.2,237.6,KY,KY-1
241.7,309.9,KS,KS-4
241.7,299.1,KS,KS-4
250.9,293.8,KS,KS-4
260.2,299.1,KS,KS-4
260.2,309.9,KS,KS-4
250.9,315.2,KS,KS-4
260.2,309.9,KS,KS-3
260.2,299.1,KS,KS-3
269.7,293.8,KS,KS-3
278.9,299.1,KS,KS-3
278.9,309.9,KS,KS-3
269.7,315.2,KS,KS-3
250.9,293.7,KS,KS-2
250.9,282.9,KS,KS-2
260.4,277.6,KS,KS-2
269.7,282.9,KS,KS-2
269.7,293.7,KS,KS-2
260.4,299,KS,KS-2
232.4,293.7,KS,KS-1
232.4,282.9,KS,KS-1
241.7,277.6,KS,KS-1
250.9,282.9,KS,KS-1
250.9,293.7,KS,KS-1
241.7,299,KS,KS-1
327.2,207.4,IN,IN-9
317.9,202.1,IN,IN-9
317.9,191.3,IN,IN-9
327.2,186,IN,IN-9
336.6,191.3,IN,IN-9
336.6,202.1,IN,IN-9
299.3,223.6,IN,IN-8
290,218.3,IN,IN-8
290,207.5,IN,IN-8
299.3,202,IN,IN-8
308.6,207.5,IN,IN-8
308.6,218.3,IN,IN-8
308.6,207.5,IN,IN-7
299.3,202.2,IN,IN-7
299.3,191.4,IN,IN-7
308.6,185.9,IN,IN-7
317.9,191.4,IN,IN-7
317.9,202.2,IN,IN-7
336.5,191.5,IN,IN-6
327.3,186.2,IN,IN-6
327.3,175.4,IN,IN-6
336.5,170.1,IN,IN-6
346,175.4,IN,IN-6
346,186.2,IN,IN-6
318,191.6,IN,IN-5
308.7,186.3,IN,IN-5
308.7,175.5,IN,IN-5
318,170.1,IN,IN-5
327.3,175.5,IN,IN-5
327.3,186.3,IN,IN-5
308.6,175.9,IN,IN-4
299.3,170.6,IN,IN-4
299.3,159.8,IN,IN-4
308.6,154.3,IN,IN-4
317.9,159.8,IN,IN-4
317.9,170.6,IN,IN-4
327.2,175.8,IN,IN-3
317.9,170.5,IN,IN-3
317.9,159.7,IN,IN-3
327.2,154.4,IN,IN-3
336.6,159.7,IN,IN-3
336.6,170.5,IN,IN-3
336.5,159.9,IN,IN-2
327.3,154.6,IN,IN-2
327.3,143.8,IN,IN-2
336.5,138.5,IN,IN-2
346,143.8,IN,IN-2
346,154.6,IN,IN-2
318,160,IN,IN-1
308.7,154.7,IN,IN-1
308.7,143.9,IN,IN-1
318,138.4,IN,IN-1
327.3,143.9,IN,IN-1
327.3,154.7,IN,IN-1
219.2,157,IL,IL-17
219.2,146.3,IL,IL-17
228.6,140.9,IL,IL-17
237.9,146.3,IL,IL-17
237.9,157,IL,IL-17
228.6,162.5,IL,IL-17
219.5,124.7,IL,IL-16
219.5,113.9,IL,IL-16
228.8,108.6,IL,IL-16
238,113.9,IL,IL-16
238,124.7,IL,IL-16
228.8,130.2,IL,IL-16
209.8,173.2,IL,IL-15
209.8,162.4,IL,IL-15
219.1,157.1,IL,IL-15
228.5,162.4,IL,IL-15
228.5,173.2,IL,IL-15
219.1,178.5,IL,IL-15
228.6,173.3,IL,IL-14
228.6,162.5,IL,IL-14
237.9,157,IL,IL-14
247.2,162.5,IL,IL-14
247.2,173.3,IL,IL-14
237.9,178.6,IL,IL-14
219.2,188.9,IL,IL-13
219.2,178.1,IL,IL-13
228.5,172.8,IL,IL-13
237.9,178.1,IL,IL-13
237.9,188.9,IL,IL-13
228.5,194.3,IL,IL-13
247.1,205.5,IL,IL-12
247.1,194.7,IL,IL-12
256.5,189.4,IL,IL-12
265.8,194.7,IL,IL-12
265.8,205.5,IL,IL-12
256.5,211,IL,IL-12
237.9,124.8,IL,IL-11
237.9,114.1,IL,IL-11
247.2,108.6,IL,IL-11
256.5,114.1,IL,IL-11
256.5,124.8,IL,IL-11
247.2,130.2,IL,IL-11
256.5,124.8,IL,IL-10
256.5,114.1,IL,IL-10
265.9,108.6,IL,IL-10
275.2,114.1,IL,IL-10
275.2,124.8,IL,IL-10
265.9,130.2,IL,IL-10
265.9,140.9,IL,IL-9
265.9,130.2,IL,IL-9
275.2,124.8,IL,IL-9
284.5,130.2,IL,IL-9
284.5,140.9,IL,IL-9
275.2,146.3,IL,IL-9
228.6,140.9,IL,IL-8
228.6,130.2,IL,IL-8
237.9,124.8,IL,IL-8
247.2,130.2,IL,IL-8
247.2,140.9,IL,IL-8
237.9,146.3,IL,IL-8
256.5,157,IL,IL-7
256.5,146.3,IL,IL-7
265.9,140.9,IL,IL-7
275.2,146.3,IL,IL-7
275.2,157,IL,IL-7
265.9,162.5,IL,IL-7
265.9,173.3,IL,IL-6
265.9,162.5,IL,IL-6
275.2,157,IL,IL-6
284.5,162.5,IL,IL-6
284.5,173.3,IL,IL-6
275.2,178.6,IL,IL-6
247.2,140.9,IL,IL-5
247.2,130.2,IL,IL-5
256.5,124.8,IL,IL-5
265.9,130.2,IL,IL-5
265.9,140.9,IL,IL-5
256.5,146.3,IL,IL-5
247.2,173.3,IL,IL-4
247.2,162.5,IL,IL-4
256.5,157,IL,IL-4
265.9,162.5,IL,IL-4
265.9,173.3,IL,IL-4
256.5,178.6,IL,IL-4
237.9,157,IL,IL-3
237.9,146.3,IL,IL-3
247.2,140.9,IL,IL-3
256.5,146.3,IL,IL-3
256.5,157,IL,IL-3
247.2,162.5,IL,IL-3
256.5,189.4,IL,IL-2
256.5,178.6,IL,IL-2
265.9,173.3,IL,IL-2
275.2,178.6,IL,IL-2
275.2,189.4,IL,IL-2
265.9,194.7,IL,IL-2
237.9,189.4,IL,IL-1
237.9,178.6,IL,IL-1
247.2,173.3,IL,IL-1
256.5,178.6,IL,IL-1
256.5,189.4,IL,IL-1
247.2,194.7,IL,IL-1
124,198,ID,ID-2
114.5,193.1,ID,ID-2
113.9,182.3,ID,ID-2
123,176.6,ID,ID-2
132.6,181.5,ID,ID-2
133,192.2,ID,ID-2
113.9,182.2,ID,ID-1
104.3,177.3,ID,ID-1
103.7,166.5,ID,ID-1
112.8,160.8,ID,ID-1
122.4,165.7,ID,ID-1
122.8,176.4,ID,ID-1
251.7,243.5,IA,IA-4
251.7,232.7,IA,IA-4
261.1,227.4,IA,IA-4
270.4,232.7,IA,IA-4
270.4,243.5,IA,IA-4
261.1,248.9,IA,IA-4
261.1,259.7,IA,IA-3
261.1,248.9,IA,IA-3
270.4,243.5,IA,IA-3
279.7,248.9,IA,IA-3
279.7,259.7,IA,IA-3
270.4,265,IA,IA-3
270.4,243.5,IA,IA-2
270.4,232.7,IA,IA-2
279.7,227.4,IA,IA-2
289,232.7,IA,IA-2
289,243.5,IA,IA-2
279.7,248.9,IA,IA-2
279.7,259.7,IA,IA-1
279.7,248.9,IA,IA-1
289,243.5,IA,IA-1
298.4,248.9,IA,IA-1
298.4,259.7,IA,IA-1
289,265,IA,IA-1
108.1,463.2,HI,HI-2
108.1,474,HI,HI-2
117.3,479.3,HI,HI-2
126.8,474,HI,HI-2
126.8,463.2,HI,HI-2
117.3,457.8,HI,HI-2
126.8,463.2,HI,HI-1
126.8,474,HI,HI-1
136,479.3,HI,HI-1
145.3,474,HI,HI-1
145.3,463.2,HI,HI-1
136,457.8,HI,HI-1
405,318.6,GA,GA-14
405,307.8,GA,GA-14
414.3,302.5,GA,GA-14
423.7,307.8,GA,GA-14
423.7,318.6,GA,GA-14
414.3,324.1,GA,GA-14
442.3,351,GA,GA-13
442.3,340.2,GA,GA-13
451.6,334.9,GA,GA-13
461,340.2,GA,GA-13
461,351,GA,GA-13
451.6,356.3,GA,GA-13
479.6,351,GA,GA-12
479.6,340.2,GA,GA-12
489,334.9,GA,GA-12
498.3,340.2,GA,GA-12
498.3,351,GA,GA-12
489,356.3,GA,GA-12
423.7,318.6,GA,GA-11
423.7,307.8,GA,GA-11
433,302.5,GA,GA-11
442.3,307.8,GA,GA-11
442.3,318.6,GA,GA-11
433,324.1,GA,GA-11
470.3,334.9,GA,GA-10
470.3,324.1,GA,GA-10
479.6,318.6,GA,GA-10
489,324.1,GA,GA-10
489,334.9,GA,GA-10
479.6,340.2,GA,GA-10
461,318.6,GA,GA-9
461,307.8,GA,GA-9
470.3,302.5,GA,GA-9
479.6,307.8,GA,GA-9
479.6,318.6,GA,GA-9
470.3,324.1,GA,GA-9
470.3,367.1,GA,GA-8
470.3,356.3,GA,GA-8
479.6,351,GA,GA-8
489,356.3,GA,GA-8
489,367.1,GA,GA-8
479.6,372.5,GA,GA-8
451.6,334.9,GA,GA-7
451.6,324.1,GA,GA-7
461,318.6,GA,GA-7
470.3,324.1,GA,GA-7
470.3,334.9,GA,GA-7
461,340.2,GA,GA-7
442.3,318.6,GA,GA-6
442.3,307.8,GA,GA-6
451.6,302.5,GA,GA-6
461,307.8,GA,GA-6
461,318.6,GA,GA-6
451.6,324.1,GA,GA-6
433,334.9,GA,GA-5
433,324.1,GA,GA-5
442.3,318.6,GA,GA-5
451.6,324.1,GA,GA-5
451.6,334.9,GA,GA-5
442.3,340.2,GA,GA-5
461,351,GA,GA-4
461,340.2,GA,GA-4
470.3,334.9,GA,GA-4
479.6,340.2,GA,GA-4
479.6,351,GA,GA-4
470.3,356.3,GA,GA-4
414.3,334.9,GA,GA-3
414.3,324.1,GA,GA-3
423.7,318.6,GA,GA-3
433,324.1,GA,GA-3
433,334.9,GA,GA-3
423.7,340.2,GA,GA-3
423.7,351,GA,GA-2
423.7,340.2,GA,GA-2
433,334.9,GA,GA-2
442.3,340.2,GA,GA-2
442.3,351,GA,GA-2
433,356.3,GA,GA-2
489,367.1,GA,GA-1
489,356.3,GA,GA-1
498.3,351,GA,GA-1
507.6,356.3,GA,GA-1
507.6,367.1,GA,GA-1
498.3,372.5,GA,GA-1
564.3,504.3,FL,FL-28
564.3,515.1,FL,FL-28
573.7,520.4,FL,FL-28
583,515.1,FL,FL-28
583,504.3,FL,FL-28
573.7,498.8,FL,FL-28
583,504.3,FL,FL-27
583,515.1,FL,FL-27
592.3,520.4,FL,FL-27
601.6,515.1,FL,FL-27
601.6,504.3,FL,FL-27
592.3,498.8,FL,FL-27
545.7,504.3,FL,FL-26
545.7,515.1,FL,FL-26
555,520.4,FL,FL-26
564.3,515.1,FL,FL-26
564.3,504.3,FL,FL-26
555,498.8,FL,FL-26
592.3,498.8,FL,FL-25
592.3,488.1,FL,FL-25
601.6,482.7,FL,FL-25
611,488.1,FL,FL-25
611,498.8,FL,FL-25
601.6,504.3,FL,FL-25
573.7,498.8,FL,FL-24
573.7,488.1,FL,FL-24
583,482.7,FL,FL-24
592.3,488.1,FL,FL-24
592.3,498.8,FL,FL-24
583,504.3,FL,FL-24
583,482.7,FL,FL-23
583,472,FL,FL-23
592.3,466.6,FL,FL-23
601.6,472,FL,FL-23
601.6,482.7,FL,FL-23
592.3,488.1,FL,FL-23
564.3,482.7,FL,FL-22
564.3,472,FL,FL-22
573.7,466.6,FL,FL-22
583,472,FL,FL-22
583,482.7,FL,FL-22
573.7,488.1,FL,FL-22
583,450.4,FL,FL-21
583,439.6,FL,FL-21
592.3,434.3,FL,FL-21
601.6,439.6,FL,FL-21
601.6,450.4,FL,FL-21
592.3,455.9,FL,FL-21
592.3,466.6,FL,FL-20
592.3,455.9,FL,FL-20
601.6,450.4,FL,FL-20
611,455.9,FL,FL-20
611,466.6,FL,FL-20
601.6,472,FL,FL-20
555,498.8,FL,FL-19
555,488.1,FL,FL-19
564.3,482.7,FL,FL-19
573.7,488.1,FL,FL-19
573.7,498.8,FL,FL-19
564.3,504.3,FL,FL-19
564.3,450.4,FL,FL-18
564.3,439.6,FL,FL-18
573.7,434.3,FL,FL-18
583,439.6,FL,FL-18
583,450.4,FL,FL-18
573.7,455.9,FL,FL-18
555,488.1,FL,FL-17
545.7,482.7,FL,FL-17
545.7,472,FL,FL-17
555,466.6,FL,FL-17
564.3,472,FL,FL-17
564.3,482.7,FL,FL-17
573.8,466.6,FL,FL-16
573.8,455.8,FL,FL-16
583.1,450.4,FL,FL-16
592.4,455.9,FL,FL-16
592.4,466.7,FL,FL-16
583.1,472,FL,FL-16
545.7,450.4,FL,FL-15
545.7,439.6,FL,FL-15
555,434.3,FL,FL-15
564.3,439.6,FL,FL-15
564.3,450.4,FL,FL-15
555,455.9,FL,FL-15
555,466.6,FL,FL-14
555,455.9,FL,FL-14
564.3,450.4,FL,FL-14
573.7,455.9,FL,FL-14
573.7,466.6,FL,FL-14
564.3,472,FL,FL-14
545.8,472,FL,FL-13
536.4,466.6,FL,FL-13
536.4,455.9,FL,FL-13
545.8,450.4,FL,FL-13
555.1,455.9,FL,FL-13
555.1,466.6,FL,FL-13
527.2,450.4,FL,FL-12
527.2,439.6,FL,FL-12
536.5,434.3,FL,FL-12
545.7,439.6,FL,FL-12
545.7,450.4,FL,FL-12
536.5,455.9,FL,FL-12
527.2,439.6,FL,FL-11
517.8,434.3,FL,FL-11
517.8,423.5,FL,FL-11
527.2,418.2,FL,FL-11
536.5,423.5,FL,FL-11
536.5,434.3,FL,FL-11
545.8,439.1,FL,FL-10
536.4,433.8,FL,FL-10
536.4,423,FL,FL-10
545.8,417.7,FL,FL-10
555.1,423,FL,FL-10
555.1,433.8,FL,FL-10
555,434.3,FL,FL-9
555,423.5,FL,FL-9
564.3,418.2,FL,FL-9
573.7,423.5,FL,FL-9
573.7,434.3,FL,FL-9
564.3,439.6,FL,FL-9
573.7,434.3,FL,FL-8
573.7,423.5,FL,FL-8
583,418.2,FL,FL-8
592.3,423.5,FL,FL-8
592.3,434.3,FL,FL-8
583,439.6,FL,FL-8
517.8,423.5,FL,FL-7
508.5,418.2,FL,FL-7
508.5,407.4,FL,FL-7
517.8,401.9,FL,FL-7
527.2,407.4,FL,FL-7
527.2,418.2,FL,FL-7
536.3,423.5,FL,FL-6
527,418.2,FL,FL-6
527,407.4,FL,FL-6
536.3,401.9,FL,FL-6
545.7,407.4,FL,FL-6
545.7,418.2,FL,FL-6
545.7,418.2,FL,FL-5
545.7,407.4,FL,FL-5
555,401.9,FL,FL-5
564.3,407.4,FL,FL-5
564.3,418.2,FL,FL-5
555,423.5,FL,FL-5
564.3,418.2,FL,FL-4
564.3,407.4,FL,FL-4
573.7,401.9,FL,FL-4
583,407.4,FL,FL-4
583,418.2,FL,FL-4
573.7,423.5,FL,FL-4
536.3,401.9,FL,FL-3
536.3,391.2,FL,FL-3
545.7,385.8,FL,FL-3
555,391.2,FL,FL-3
555,401.9,FL,FL-3
545.7,407.4,FL,FL-3
517.7,401.9,FL,FL-2
517.7,391.2,FL,FL-2
527,385.8,FL,FL-2
536.3,391.2,FL,FL-2
536.3,401.9,FL,FL-2
527,407.4,FL,FL-2
499.2,402.1,FL,FL-1
499.2,391.3,FL,FL-1
508.5,385.8,FL,FL-1
517.8,391.3,FL,FL-1
517.8,402.1,FL,FL-1
508.5,407.4,FL,FL-1
553.6,218.6,DE,DE-1
553.6,207.8,DE,DE-1
562.9,202.5,DE,DE-1
572.2,207.8,DE,DE-1
572.2,218.6,DE,DE-1
562.9,223.9,DE,DE-1
592.9,136.8,CT,CT-5
592.9,126,CT,CT-5
602.2,120.7,CT,CT-5
611.6,126,CT,CT-5
611.6,136.8,CT,CT-5
602.2,142.1,CT,CT-5
602.2,152.9,CT,CT-4
602.2,142.1,CT,CT-4
611.6,136.8,CT,CT-4
620.9,142.1,CT,CT-4
620.9,152.9,CT,CT-4
611.6,158.4,CT,CT-4
620.9,152.9,CT,CT-3
620.9,142.1,CT,CT-3
630.2,136.8,CT,CT-3
639.5,142.1,CT,CT-3
639.5,152.9,CT,CT-3
630.2,158.4,CT,CT-3
630.2,136.8,CT,CT-2
630.2,126,CT,CT-2
639.5,120.7,CT,CT-2
648.8,126,CT,CT-2
648.8,136.8,CT,CT-2
639.5,142.1,CT,CT-2
611.6,136.8,CT,CT-1
611.6,126,CT,CT-1
620.9,120.7,CT,CT-1
630.2,126,CT,CT-1
630.2,136.8,CT,CT-1
620.9,142.1,CT,CT-1
189.1,278.4,CO,CO-8
189.1,267.6,CO,CO-8
198.5,262.3,CO,CO-8
207.8,267.6,CO,CO-8
207.8,278.4,CO,CO-8
198.5,283.9,CO,CO-8
142.4,294.6,CO,CO-7
142.4,283.9,CO,CO-7
151.7,278.5,CO,CO-7
161.1,283.9,CO,CO-7
161.1,294.6,CO,CO-7
151.7,300,CO,CO-7
170.4,278.5,CO,CO-6
170.4,267.8,CO,CO-6
179.7,262.3,CO,CO-6
189.1,267.8,CO,CO-6
189.1,278.5,CO,CO-6
179.7,283.9,CO,CO-6
161.1,294.6,CO,CO-5
161.1,283.9,CO,CO-5
170.4,278.5,CO,CO-5
179.7,283.9,CO,CO-5
179.7,294.6,CO,CO-5
170.4,300,CO,CO-5
179.7,294.6,CO,CO-4
179.7,283.9,CO,CO-4
189.1,278.5,CO,CO-4
198.4,283.9,CO,CO-4
198.4,294.6,CO,CO-4
189.1,300,CO,CO-4
123.7,294.6,CO,CO-3
123.7,283.8,CO,CO-3
133.1,278.5,CO,CO-3
142.4,283.8,CO,CO-3
142.4,294.6,CO,CO-3
133.1,300,CO,CO-3
133.1,278.5,CO,CO-2
133.1,267.8,CO,CO-2
142.4,262.3,CO,CO-2
151.7,267.8,CO,CO-2
151.7,278.5,CO,CO-2
142.4,283.9,CO,CO-2
151.7,278.5,CO,CO-1
151.7,267.8,CO,CO-1
161.1,262.3,CO,CO-1
170.4,267.8,CO,CO-1
170.4,278.5,CO,CO-1
161.1,283.9,CO,CO-1
57.1,383.7,CA,CA-52
57.1,372.9,CA,CA-52
66.4,367.5,CA,CA-52
75.7,372.9,CA,CA-52
75.7,383.7,CA,CA-52
66.4,389,CA,CA-52
66.4,367.5,CA,CA-51
66.4,356.7,CA,CA-51
75.7,351.4,CA,CA-51
85,356.7,CA,CA-51
85,367.5,CA,CA-51
75.7,372.9,CA,CA-51
47.7,389,CA,CA-50
38.4,383.7,CA,CA-50
38.4,372.9,CA,CA-50
47.7,367.5,CA,CA-50
57.1,372.9,CA,CA-50
57.1,383.7,CA,CA-50
47.7,367.5,CA,CA-49
47.7,356.7,CA,CA-49
57.1,351.4,CA,CA-49
66.4,356.7,CA,CA-49
66.4,367.5,CA,CA-49
57.1,372.9,CA,CA-49
75.7,383.7,CA,CA-48
75.7,372.9,CA,CA-48
85,367.5,CA,CA-48
94.4,372.9,CA,CA-48
94.4,383.7,CA,CA-48
85,389,CA,CA-48
38.4,372.9,CA,CA-47
29.1,367.5,CA,CA-47
29.1,356.7,CA,CA-47
38.4,351.4,CA,CA-47
47.7,356.7,CA,CA-47
47.7,367.5,CA,CA-47
38.4,351.4,CA,CA-46
38.4,340.6,CA,CA-46
47.7,335.3,CA,CA-46
57.1,340.6,CA,CA-46
57.1,351.4,CA,CA-46
47.7,356.7,CA,CA-46
29.1,356.7,CA,CA-45
19.8,351.4,CA,CA-45
19.8,340.6,CA,CA-45
29.1,335.3,CA,CA-45
38.4,340.6,CA,CA-45
38.4,351.4,CA,CA-45
47.7,335.3,CA,CA-44
47.7,324.5,CA,CA-44
57.1,319,CA,CA-44
66.4,324.5,CA,CA-44
66.4,335.3,CA,CA-44
57.1,340.6,CA,CA-44
29.1,335.3,CA,CA-43
29.1,324.5,CA,CA-43
38.4,319,CA,CA-43
47.7,324.5,CA,CA-43
47.7,335.3,CA,CA-43
38.4,340.6,CA,CA-43
66.4,335.3,CA,CA-42
66.4,324.5,CA,CA-42
75.7,319,CA,CA-42
85,324.5,CA,CA-42
85,335.3,CA,CA-42
75.7,340.6,CA,CA-42
85,367.5,CA,CA-41
85,356.7,CA,CA-41
94.4,351.4,CA,CA-41
103.7,356.7,CA,CA-41
103.7,367.5,CA,CA-41
94.4,372.9,CA,CA-41
57.1,351.4,CA,CA-40
57.1,340.6,CA,CA-40
66.4,335.3,CA,CA-40
75.7,340.6,CA,CA-40
75.7,351.4,CA,CA-40
66.4,356.7,CA,CA-40
75.7,351.4,CA,CA-39
75.7,340.6,CA,CA-39
85,335.3,CA,CA-39
94.4,340.6,CA,CA-39
94.4,351.4,CA,CA-39
85,356.7,CA,CA-39
57.1,319,CA,CA-38
57.1,308.2,CA,CA-38
66.4,302.9,CA,CA-38
75.7,308.2,CA,CA-38
75.7,319,CA,CA-38
66.4,324.5,CA,CA-38
38.4,319,CA,CA-37
38.4,308.2,CA,CA-37
47.7,302.9,CA,CA-37
57.1,308.2,CA,CA-37
57.1,319,CA,CA-37
47.7,324.5,CA,CA-37
19.8,319,CA,CA-36
19.8,308.2,CA,CA-36
29.1,302.9,CA,CA-36
38.4,308.2,CA,CA-36
38.4,319,CA,CA-36
29.1,324.5,CA,CA-36
75.7,308.3,CA,CA-35
66.3,303,CA,CA-35
66.3,292.2,CA,CA-35
75.7,286.7,CA,CA-35
85,292.2,CA,CA-35
85,303,CA,CA-35
29.1,302.9,CA,CA-34
29.1,292.1,CA,CA-34
38.4,286.8,CA,CA-34
47.7,292.1,CA,CA-34
47.7,302.9,CA,CA-34
38.4,308.2,CA,CA-34
57,275.9,CA,CA-33
57.1,286.7,CA,CA-33
66.4,292.1,CA,CA-33
75.8,286.6,CA,CA-33
75.7,275.8,CA,CA-33
66.3,270.6,CA,CA-33
1.1,276,CA,CA-32
1.1,286.8,CA,CA-32
10.4,292.1,CA,CA-32
19.8,286.8,CA,CA-32
19.8,276,CA,CA-32
10.4,270.6,CA,CA-32
47.7,302.9,CA,CA-31
47.7,292.1,CA,CA-31
57.1,286.8,CA,CA-31
66.4,292.1,CA,CA-31
66.4,302.9,CA,CA-31
57.1,308.2,CA,CA-31
19.8,286.8,CA,CA-30
19.8,276,CA,CA-30
29.1,270.6,CA,CA-30
38.4,276,CA,CA-30
38.4,286.8,CA,CA-30
29.1,292.1,CA,CA-30
10.4,302.9,CA,CA-29
10.4,292.1,CA,CA-29
19.8,286.8,CA,CA-29
29.1,292.1,CA,CA-29
29.1,302.9,CA,CA-29
19.8,308.2,CA,CA-29
38.4,286.8,CA,CA-28
38.4,276,CA,CA-28
47.7,270.6,CA,CA-28
57.1,276,CA,CA-28
57.1,286.8,CA,CA-28
47.7,292.1,CA,CA-28
29.1,270.6,CA,CA-27
29.1,259.8,CA,CA-27
38.4,254.5,CA,CA-27
47.7,259.8,CA,CA-27
47.7,270.6,CA,CA-27
38.4,276,CA,CA-27
10.4,270.6,CA,CA-26
10.4,259.8,CA,CA-26
19.8,254.5,CA,CA-26
29.1,259.8,CA,CA-26
29.1,270.6,CA,CA-26
19.8,276,CA,CA-26
94.4,383.7,CA,CA-25
94.4,372.9,CA,CA-25
103.7,367.5,CA,CA-25
113,372.9,CA,CA-25
113,383.7,CA,CA-25
103.7,389,CA,CA-25
1.1,254.5,CA,CA-24
1.1,243.7,CA,CA-24
10.4,238.4,CA,CA-24
19.7,243.7,CA,CA-24
19.7,254.5,CA,CA-24
10.4,259.8,CA,CA-24
47.7,270.6,CA,CA-23
47.7,259.8,CA,CA-23
57,254.3,CA,CA-23
66.4,259.8,CA,CA-23
66.4,270.6,CA,CA-23
57,275.9,CA,CA-23
19.8,254.5,CA,CA-22
19.8,243.7,CA,CA-22
29.1,238.4,CA,CA-22
38.4,243.7,CA,CA-22
38.4,254.5,CA,CA-22
29.1,259.8,CA,CA-22
29.2,238.4,CA,CA-21
29.2,227.6,CA,CA-21
38.4,222.3,CA,CA-21
47.7,227.6,CA,CA-21
47.7,238.4,CA,CA-21
38.4,243.7,CA,CA-21
38.4,254.4,CA,CA-20
38.4,243.6,CA,CA-20
47.7,238.3,CA,CA-20
57,243.6,CA,CA-20
57,254.4,CA,CA-20
47.7,259.9,CA,CA-20
1.2,222.3,CA,CA-19
1.2,211.5,CA,CA-19
10.4,206.2,CA,CA-19
19.7,211.5,CA,CA-19
19.7,222.3,CA,CA-19
10.4,227.6,CA,CA-19
10.4,238.4,CA,CA-18
10.4,227.6,CA,CA-18
19.7,222.3,CA,CA-18
29,227.6,CA,CA-18
29,238.4,CA,CA-18
19.7,243.7,CA,CA-18
38.4,222.3,CA,CA-17
38.4,211.5,CA,CA-17
47.7,206.2,CA,CA-17
57,211.5,CA,CA-17
57,222.3,CA,CA-17
47.7,227.6,CA,CA-17
19.9,222.3,CA,CA-16
19.9,211.5,CA,CA-16
29.2,206.2,CA,CA-16
38.4,211.5,CA,CA-16
38.4,222.3,CA,CA-16
29.2,227.6,CA,CA-16
10.4,206,CA,CA-15
10.4,195.2,CA,CA-15
19.8,189.9,CA,CA-15
29.1,195.2,CA,CA-15
29.1,206,CA,CA-15
19.8,211.5,CA,CA-15
29.1,206,CA,CA-14
29.1,195.2,CA,CA-14
38.4,189.9,CA,CA-14
47.7,195.2,CA,CA-14
47.7,206,CA,CA-14
38.4,211.5,CA,CA-14
47.8,206.1,CA,CA-13
47.8,195.3,CA,CA-13
57.1,190,CA,CA-13
66.4,195.3,CA,CA-13
66.4,206.1,CA,CA-13
57.1,211.4,CA,CA-13
19.7,190.1,CA,CA-12
19.7,179.3,CA,CA-12
29,174,CA,CA-12
38.3,179.3,CA,CA-12
38.3,190.1,CA,CA-12
29,195.4,CA,CA-12
1.2,190.1,CA,CA-11
1.2,179.3,CA,CA-11
10.4,174,CA,CA-11
19.7,179.3,CA,CA-11
19.7,190.1,CA,CA-11
10.4,195.4,CA,CA-11
38.4,190.1,CA,CA-10
38.4,179.3,CA,CA-10
47.7,174,CA,CA-10
57,179.3,CA,CA-10
57,190.1,CA,CA-10
47.7,195.4,CA,CA-10
57.1,190.1,CA,CA-9
57.1,179.3,CA,CA-9
66.4,174,CA,CA-9
75.7,179.3,CA,CA-9
75.7,190.1,CA,CA-9
66.4,195.4,CA,CA-9
10.4,173.8,CA,CA-8
10.4,163,CA,CA-8
19.8,157.7,CA,CA-8
29.1,163,CA,CA-8
29.1,173.8,CA,CA-8
19.8,179.1,CA,CA-8
29.1,173.8,CA,CA-7
29.1,163,CA,CA-7
38.4,157.7,CA,CA-7
47.7,163,CA,CA-7
47.7,173.8,CA,CA-7
38.4,179.1,CA,CA-7
47.7,173.8,CA,CA-6
47.7,163,CA,CA-6
57.1,157.7,CA,CA-6
66.4,163,CA,CA-6
66.4,173.8,CA,CA-6
57.1,179.1,CA,CA-6
66.4,173.9,CA,CA-5
66.4,163.1,CA,CA-5
75.7,157.6,CA,CA-5
85,163.1,CA,CA-5
85,173.9,CA,CA-5
75.7,179.2,CA,CA-5
38.4,157.6,CA,CA-4
38.4,146.8,CA,CA-4
47.7,141.3,CA,CA-4
57,146.8,CA,CA-4
57,157.6,CA,CA-4
47.7,162.9,CA,CA-4
57,157.6,CA,CA-3
57,146.8,CA,CA-3
66.3,141.3,CA,CA-3
75.7,146.8,CA,CA-3
75.7,157.6,CA,CA-3
66.3,162.9,CA,CA-3
29,162.9,CA,CA-2
19.7,157.6,CA,CA-2
19.7,146.8,CA,CA-2
29,141.3,CA,CA-2
38.4,146.8,CA,CA-2
38.4,157.6,CA,CA-2
75.7,157.6,CA,CA-1
75.7,146.8,CA,CA-1
85,141.3,CA,CA-1
94.3,146.8,CA,CA-1
94.3,157.6,CA,CA-1
85,162.9,CA,CA-1
129.8,334.4,AZ,AZ-9
129.9,323.6,AZ,AZ-9
139.2,318.2,AZ,AZ-9
148.5,323.6,AZ,AZ-9
148.5,334.3,AZ,AZ-9
139.2,339.7,AZ,AZ-9
120.6,350.4,AZ,AZ-8
120.5,339.7,AZ,AZ-8
129.9,334.3,AZ,AZ-8
139.1,339.7,AZ,AZ-8
139.1,350.4,AZ,AZ-8
129.8,355.8,AZ,AZ-8
139.2,383,AZ,AZ-7
139.1,372.3,AZ,AZ-7
148.5,366.9,AZ,AZ-7
157.8,372.3,AZ,AZ-7
157.8,383.1,AZ,AZ-7
148.5,388.5,AZ,AZ-7
157.9,382.7,AZ,AZ-6
157.9,372,AZ,AZ-6
167.2,366.6,AZ,AZ-6
176.5,372,AZ,AZ-6
176.5,382.7,AZ,AZ-6
167.2,388.1,AZ,AZ-6
157.8,350.9,AZ,AZ-5
157.8,340,AZ,AZ-5
167.2,334.6,AZ,AZ-5
176.5,340.1,AZ,AZ-5
176.5,350.8,AZ,AZ-5
167.2,356.2,AZ,AZ-5
148.5,367,AZ,AZ-4
148.5,356.3,AZ,AZ-4
157.8,350.9,AZ,AZ-4
167.2,356.2,AZ,AZ-4
167.1,367,AZ,AZ-4
157.8,372.4,AZ,AZ-4
129.9,367,AZ,AZ-3
129.8,356.2,AZ,AZ-3
139.2,350.8,AZ,AZ-3
148.5,356.3,AZ,AZ-3
148.5,367,AZ,AZ-3
139.2,372.4,AZ,AZ-3
148.5,334.5,AZ,AZ-2
148.5,323.6,AZ,AZ-2
157.9,318.2,AZ,AZ-2
167.2,323.7,AZ,AZ-2
167.2,334.4,AZ,AZ-2
157.9,339.8,AZ,AZ-2
139.2,350.8,AZ,AZ-1
139.1,340.1,AZ,AZ-1
148.5,334.7,AZ,AZ-1
157.8,340,AZ,AZ-1
157.8,350.9,AZ,AZ-1
148.5,356.3,AZ,AZ-1
376.8,368.4,AR,AR-4
376.8,357.6,AR,AR-4
386,352.3,AR,AR-4
395.5,357.6,AR,AR-4
395.5,368.4,AR,AR-4
386,373.8,AR,AR-4
367.5,352.3,AR,AR-3
367.5,341.5,AR,AR-3
376.8,336.2,AR,AR-3
386,341.5,AR,AR-3
386,352.3,AR,AR-3
376.8,357.6,AR,AR-3
385.5,352.3,AR,AR-2
385.5,341.5,AR,AR-2
394.8,336.2,AR,AR-2
404,341.5,AR,AR-2
404,352.3,AR,AR-2
394.8,357.6,AR,AR-2
394.8,368.4,AR,AR-1
394.8,357.6,AR,AR-1
404,352.3,AR,AR-1
413.5,357.6,AR,AR-1
413.5,368.4,AR,AR-1
404,373.8,AR,AR-1
449,439.2,AL,AL-7
449,428.4,AL,AL-7
458.5,423,AL,AL-7
467.8,428.4,AL,AL-7
467.8,439.2,AL,AL-7
458.5,444.5,AL,AL-7
458.5,423,AL,AL-6
458.5,412.2,AL,AL-6
467.8,406.9,AL,AL-6
477,412.2,AL,AL-6
477,423,AL,AL-6
467.8,428.4,AL,AL-6
458.5,390.7,AL,AL-5
458.5,379.9,AL,AL-5
467.8,374.6,AL,AL-5
477,379.9,AL,AL-5
477,390.7,AL,AL-5
467.8,396,AL,AL-5
449,406.9,AL,AL-4
449,396.1,AL,AL-4
458.5,390.8,AL,AL-4
467.8,396.1,AL,AL-4
467.8,406.9,AL,AL-4
458.5,412.2,AL,AL-4
467.8,406.9,AL,AL-3
467.8,396.1,AL,AL-3
477,390.8,AL,AL-3
486.3,396.1,AL,AL-3
486.3,406.9,AL,AL-3
477,412.2,AL,AL-3
467.8,439.2,AL,AL-2
467.8,428.4,AL,AL-2
477,423,AL,AL-2
486.3,428.4,AL,AL-2
486.3,439.2,AL,AL-2
477,444.5,AL,AL-2
458.5,455.3,AL,AL-1
458.5,444.5,AL,AL-1
467.8,439.2,AL,AL-1
477,444.5,AL,AL-1
477,455.3,AL,AL-1
467.8,460.6,AL,AL-1
51.1,463.2,AK,AK-1
51.1,474,AK,AK-1
60.3,479.3,AK,AK-1
69.6,474,AK,AK-1
69.6,463.2,AK,AK-1
60.3,457.8,AK,AK-1
