x,y,state
177.9,-185.3,WY
177.6125,-185.2875,WY
177.4,-185.2,WY
168.10000000000002,-179.7,WY
167.7375,-179.325,WY
167.60000000000002,-178.8,WY
167.60000000000002,-168,WY
167.7375,-167.475,WY
168.10000000000002,-167.1,WY
177.4,-161.8,WY
177.65,-161.7125,WY
177.9,-161.7,WY
178.15,-161.7125,WY
178.4,-161.8,WY
187.8,-167.1,WY
188.16250000000002,-167.475,WY
188.3,-168,WY
188.3,-178.8,WY
188.16250000000002,-179.325,WY
187.8,-179.7,WY
178.4,-185.2,WY
178.15,-185.25,WY
177.9,-185.3,WY
177.9,-185.3,WY
464.4,-210.4,WV
455.09999999999997,-205.1,WV
454.84999999999997,-205.0125,WV
454.59999999999997,-205,WV
454.34999999999997,-205.0125,WV
454.09999999999997,-205.1,WV
444.7,-210.4,WV
444.3375,-210.775,WV
444.2,-211.3,WV
444.2,-221.5,WV
435.4,-226.7,WV
435.0375,-227.075,WV
434.9,-227.6,WV
434.9,-238.4,WV
435.0375,-238.925,WV
435.4,-239.3,WV
444.7,-244.60000000000002,WV
444.95,-244.6875,WV
445.2,-244.70000000000002,WV
445.45,-244.6875,WV
445.7,-244.60000000000002,WV
455.09999999999997,-239.3,WV
455.4625,-238.925,WV
455.59999999999997,-238.4,WV
455.59999999999997,-228.20000000000002,WV
464.4,-223.00000000000003,WV
464.76249999999993,-222.62500000000003,WV
464.9,-222.10000000000002,WV
464.9,-211.3,WV
464.76249999999993,-210.775,WV
464.4,-210.4,WV
464.4,-210.4,WV
278.1,-66.2,WI
269.3,-61.2,WI
269.3,-51,WI
269.1625,-50.475,WI
268.8,-50.1,WI
259.5,-44.6,WI
259.25,-44.5125,WI
259,-44.5,WI
258.75,-44.5125,WI
258.5,-44.6,WI
249.6,-49.800000000000004,WI
240.79999999999998,-44.6,WI
240.54999999999998,-44.5125,WI
240.29999999999998,-44.5,WI
240.0125,-44.5125,WI
239.79999999999998,-44.6,WI
231.2,-49.7,WI
222.39999999999998,-44.6,WI
222.14999999999998,-44.5125,WI
221.89999999999998,-44.5,WI
221.64999999999998,-44.5125,WI
221.39999999999998,-44.6,WI
212.09999999999997,-49.9,WI
211.73749999999995,-50.275,WI
211.59999999999997,-50.8,WI
211.59999999999997,-61.599999999999994,WI
211.73749999999995,-62.12499999999999,WI
212.09999999999997,-62.49999999999999,WI
220.69999999999996,-67.6,WI
220.69999999999996,-77.89999999999999,WI
220.83749999999995,-78.42499999999998,WI
221.19999999999996,-78.8,WI
229.99999999999997,-83.8,WI
229.99999999999997,-94,WI
230.13749999999996,-94.525,WI
230.49999999999997,-94.9,WI
239.79999999999998,-100.4,WI
240.04999999999998,-100.4875,WI
240.29999999999998,-100.5,WI
240.58749999999998,-100.4875,WI
240.79999999999998,-100.4,WI
249.6,-95.2,WI
258.5,-100.4,WI
258.75,-100.4875,WI
259,-100.5,WI
259.2875,-100.4875,WI
259.5,-100.4,WI
268.8,-94.9,WI
269.1625,-94.525,WI
269.3,-94,WI
269.3,-83.8,WI
278.1,-78.8,WI
278.4625,-78.42499999999998,WI
278.6,-77.89999999999999,WI
278.6,-67.1,WI
278.4625,-66.6125,WI
278.1,-66.2,WI
278.1,-66.2,WI
83.1,-80,WA
82.85,-79.9875,WA
82.6,-79.9,WA
73.69999999999999,-74.9,WA
64.89999999999999,-79.9,WA
64.6875,-79.9875,WA
64.4,-80,WA
64.15,-79.9875,WA
63.900000000000006,-79.9,WA
55.10000000000001,-74.9,WA
46.30000000000001,-79.9,WA
46.087500000000006,-79.9875,WA
45.8,-80,WA
45.55,-79.9875,WA
45.3,-79.9,WA
35.9,-74.60000000000001,WA
35.5375,-74.225,WA
35.4,-73.7,WA
35.4,-62.9,WA
35.5375,-62.375,WA
35.9,-62,WA
44.7,-57,WA
44.7,-46.8,WA
44.837500000000006,-46.275,WA
45.2,-45.9,WA
54.5,-40.4,WA
54.75,-40.3125,WA
55,-40.3,WA
55.25,-40.3125,WA
55.5,-40.4,WA
64.4,-45.6,WA
73.2,-40.4,WA
73.45,-40.3125,WA
73.7,-40.3,WA
73.98750000000001,-40.3125,WA
74.2,-40.4,WA
83,-45.6,WA
91.8,-40.4,WA
92.05,-40.3125,WA
92.3,-40.3,WA
92.55,-40.3125,WA
92.8,-40.4,WA
101.7,-45.6,WA
110.5,-40.4,WA
110.75,-40.3125,WA
111,-40.3,WA
111.2875,-40.3125,WA
111.5,-40.4,WA
120.3,-45.6,WA
129.2,-40.4,WA
129.45,-40.3125,WA
129.7,-40.3,WA
129.98749999999998,-40.3125,WA
130.2,-40.4,WA
139.5,-45.9,WA
139.8625,-46.275,WA
140,-46.8,WA
140,-57.599999999999994,WA
139.8625,-58.12499999999999,WA
139.5,-58.49999999999999,WA
130.7,-63.599999999999994,WA
130.7,-73.8,WA
130.5625,-74.32499999999999,WA
130.2,-74.7,WA
120.89999999999999,-80,WA
120.64999999999999,-80.08749999999999,WA
120.39999999999999,-80.1,WA
120.14999999999999,-80.08749999999999,WA
119.89999999999999,-80,WA
111.1,-75,WA
102.19999999999999,-80,WA
101.94999999999999,-80.08749999999999,WA
101.69999999999999,-80.1,WA
101.44999999999999,-80.08749999999999,WA
101.19999999999999,-80,WA
92.39999999999999,-75,WA
83.6,-80,WA
83.38749999999999,-80,WA
83.1,-80,WA
83.1,-80,WA
576.1,-69.5,VT
575.85,-69.4875,VT
575.6,-69.4,VT
566.3000000000001,-64.10000000000001,VT
565.9375000000001,-63.725,VT
565.8000000000001,-63.20000000000001,VT
565.8000000000001,-52.4,VT
565.9375000000001,-51.875,VT
566.3000000000001,-51.5,VT
575.6,-46.2,VT
575.85,-46.1125,VT
576.1,-46.1,VT
576.35,-46.1125,VT
576.6,-46.2,VT
585.9,-51.5,VT
586.2624999999999,-51.875,VT
586.4,-52.4,VT
586.4,-63.2,VT
586.2624999999999,-63.725,VT
585.9,-64.10000000000001,VT
576.6,-69.4,VT
576.3499999999999,-69.45,VT
576.1,-69.5,VT
576.1,-69.5,VT
562,-253.4,VA
553.2,-248.4,VA
553.2,-238.20000000000002,VA
553.0625,-237.675,VA
552.7,-237.3,VA
543.8000000000001,-232.3,VA
543.8000000000001,-222.10000000000002,VA
543.6625,-221.57500000000002,VA
543.3000000000001,-221.20000000000002,VA
534.0000000000001,-215.70000000000002,VA
533.7500000000001,-215.6125,VA
533.5000000000001,-215.60000000000002,VA
533.2125000000001,-215.6125,VA
533.0000000000001,-215.70000000000002,VA
524.2000000000002,-220.9,VA
515.4000000000002,-215.70000000000002,VA
515.1500000000002,-215.6125,VA
514.9000000000002,-215.60000000000002,VA
514.6500000000002,-215.6125,VA
514.4000000000002,-215.70000000000002,VA
505.0000000000002,-221.20000000000002,VA
504.6375000000003,-221.57500000000002,VA
504.5000000000002,-222.10000000000002,VA
504.5000000000002,-232.3,VA
495.7000000000002,-237.3,VA
495.3375000000002,-237.675,VA
495.2000000000002,-238.20000000000002,VA
495.2000000000002,-248.4,VA
486.9000000000002,-253.1,VA
478.1000000000002,-248.1,VA
477.8500000000002,-248.0125,VA
477.6000000000002,-248,VA
477.3500000000002,-248.0125,VA
477.1000000000002,-248.1,VA
468.2000000000002,-253.1,VA
459.4000000000002,-248.1,VA
459.1500000000002,-248.0125,VA
458.9000000000002,-248,VA
458.6500000000002,-248.0125,VA
458.4000000000002,-248.1,VA
449.1000000000002,-253.4,VA
448.7375000000002,-253.775,VA
448.6000000000002,-254.3,VA
448.6000000000002,-265.1,VA
448.7375000000002,-265.625,VA
449.1000000000002,-266,VA
458.4000000000002,-271.5,VA
458.6500000000002,-271.58750000000003,VA
458.9000000000002,-271.6,VA
459.1875000000002,-271.58750000000003,VA
459.4000000000002,-271.5,VA
468.2000000000002,-266.3,VA
477.1000000000002,-271.5,VA
477.3500000000002,-271.58750000000003,VA
477.6000000000002,-271.6,VA
477.88750000000016,-271.58750000000003,VA
478.1000000000002,-271.5,VA
486.9000000000002,-266.3,VA
495.7000000000002,-271.5,VA
495.9500000000002,-271.58750000000003,VA
496.2000000000002,-271.6,VA
496.4875000000002,-271.58750000000003,VA
496.7000000000002,-271.5,VA
505.5000000000002,-266.3,VA
514.4000000000002,-271.5,VA
514.6500000000002,-271.58750000000003,VA
514.9000000000002,-271.6,VA
515.1875000000002,-271.58750000000003,VA
515.4000000000002,-271.5,VA
524.2000000000002,-266.3,VA
533.0000000000001,-271.5,VA
533.2500000000001,-271.58750000000003,VA
533.5000000000001,-271.6,VA
533.7875000000001,-271.58750000000003,VA
534.0000000000001,-271.5,VA
542.8000000000001,-266.3,VA
551.7,-271.5,VA
551.95,-271.58750000000003,VA
552.2,-271.6,VA
552.4875000000001,-271.58750000000003,VA
552.7,-271.5,VA
562,-266,VA
562.3625,-265.625,VA
562.5,-265.1,VA
562.5,-254.3,VA
562.4000000000001,-253.775,VA
562,-253.4,VA
562,-253.4,VA
167.9,-248.1,UT
167.65,-248.08749999999998,UT
167.4,-248,UT
158.6,-243,UT
149.79999999999998,-248,UT
149.54999999999998,-248.08749999999998,UT
149.29999999999998,-248.1,UT
149.04999999999998,-248.08749999999998,UT
148.79999999999998,-248,UT
139.49999999999997,-242.7,UT
139.13749999999996,-242.325,UT
138.99999999999997,-241.79999999999998,UT
138.99999999999997,-231.6,UT
130.09999999999997,-226.4,UT
129.73749999999995,-226.025,UT
129.59999999999997,-225.5,UT
129.59999999999997,-214.7,UT
129.73749999999995,-214.17499999999998,UT
130.09999999999997,-213.79999999999998,UT
139.49999999999997,-208.49999999999997,UT
139.74999999999997,-208.41249999999997,UT
139.99999999999997,-208.39999999999998,UT
140.24999999999997,-208.41249999999997,UT
140.49999999999997,-208.49999999999997,UT
149.29999999999998,-213.49999999999997,UT
158.1,-208.49999999999997,UT
158.35,-208.41249999999997,UT
158.6,-208.39999999999998,UT
158.85,-208.41249999999997,UT
159.1,-208.49999999999997,UT
168.4,-213.79999999999998,UT
168.76250000000002,-214.17499999999998,UT
168.9,-214.7,UT
168.9,-225,UT
177.8,-230.2,UT
178.16250000000002,-230.575,UT
178.3,-231.1,UT
178.3,-241.9,UT
178.16250000000002,-242.425,UT
177.8,-242.8,UT
168.4,-248.10000000000002,UT
168.11249999999998,-248.10000000000002,UT
167.9,-248.1,UT
167.9,-248.1,UT
271.8,-515.8,TX
271.51250000000005,-515.7874999999999,TX
271.3,-515.6999999999999,TX
262.5,-510.49999999999994,TX
253.7,-515.6999999999999,TX
253.45,-515.7874999999999,TX
253.2,-515.8,TX
252.95,-515.7874999999999,TX
252.7,-515.6999999999999,TX
243.29999999999998,-510.19999999999993,TX
242.93749999999997,-509.82499999999993,TX
242.79999999999998,-509.29999999999995,TX
242.79999999999998,-499.09999999999997,TX
233.99999999999997,-494.09999999999997,TX
233.63749999999996,-493.725,TX
233.49999999999997,-493.2,TX
233.49999999999997,-482.4,TX
233.63749999999996,-481.875,TX
233.99999999999997,-481.5,TX
242.79999999999998,-476.5,TX
242.79999999999998,-466.9,TX
234.49999999999997,-462,TX
225.69999999999996,-467.2,TX
225.44999999999996,-467.2875,TX
225.19999999999996,-467.3,TX
224.91249999999997,-467.2875,TX
224.69999999999996,-467.2,TX
215.39999999999995,-461.7,TX
215.03749999999994,-461.32500000000005,TX
214.89999999999995,-460.8,TX
214.89999999999995,-450.6,TX
205.99999999999994,-445.6,TX
205.94999999999993,-445.58750000000003,TX
205.89999999999995,-445.5,TX
197.59999999999994,-450.2,TX
197.34999999999994,-450.2875,TX
197.09999999999994,-450.3,TX
196.84999999999994,-450.2875,TX
196.59999999999994,-450.2,TX
187.29999999999993,-444.9,TX
186.93749999999991,-444.525,TX
186.79999999999993,-444,TX
186.79999999999993,-433.3,TX
177.99999999999991,-428.3,TX
177.6374999999999,-427.92500000000007,TX
177.49999999999991,-427.40000000000003,TX
177.49999999999991,-416.6,TX
177.6374999999999,-416.07500000000005,TX
177.99999999999991,-415.70000000000005,TX
186.89999999999992,-410.6,TX
186.89999999999992,-401.40000000000003,TX
187.0374999999999,-400.875,TX
187.39999999999992,-400.50000000000006,TX
196.69999999999993,-395.20000000000005,TX
196.94999999999993,-395.1125,TX
197.19999999999993,-395.1,TX
197.44999999999993,-395.1125,TX
197.69999999999993,-395.20000000000005,TX
206.49999999999994,-400.20000000000005,TX
214.89999999999995,-395.40000000000003,TX
214.89999999999995,-385.20000000000005,TX
215.03749999999994,-384.67500000000007,TX
215.39999999999995,-384.30000000000007,TX
223.89999999999995,-379.4000000000001,TX
223.89999999999995,-369,TX
224.03749999999994,-368.475,TX
224.39999999999995,-368.1,TX
233.79999999999995,-362.6,TX
234.04999999999995,-362.5125,TX
234.29999999999995,-362.5,TX
234.58749999999995,-362.5125,TX
234.79999999999995,-362.6,TX
243.69999999999996,-367.90000000000003,TX
252.59999999999997,-362.6,TX
252.84999999999997,-362.5125,TX
253.09999999999997,-362.5,TX
253.38749999999996,-362.5125,TX
253.59999999999997,-362.6,TX
262.9,-368.1,TX
263.26249999999993,-368.475,TX
263.4,-369,TX
263.4,-379.2,TX
272.2,-384.2,TX
272.5625,-384.57499999999993,TX
272.7,-385.09999999999997,TX
272.7,-395.29999999999995,TX
280.8,-399.9,TX
289.40000000000003,-395,TX
289.65000000000003,-394.91249999999997,TX
289.90000000000003,-394.9,TX
290.15000000000003,-394.91249999999997,TX
290.40000000000003,-395,TX
299.70000000000005,-400.3,TX
300.0625,-400.67499999999995,TX
300.20000000000005,-401.2,TX
300.20000000000005,-411.09999999999997,TX
309.6,-416.59999999999997,TX
309.9625,-416.9749999999999,TX
310.1,-417.49999999999994,TX
310.1,-427.69999999999993,TX
318.8,-432.79999999999995,TX
319.1625,-433.17499999999995,TX
319.3,-433.69999999999993,TX
319.3,-444.49999999999994,TX
319.1625,-445.025,TX
318.8,-445.3999999999999,TX
310,-450.3999999999999,TX
310,-460.49999999999994,TX
309.86249999999995,-461.025,TX
309.5,-461.3999999999999,TX
300.7,-466.5999999999999,TX
300.7,-476.7999999999999,TX
300.5625,-477.32499999999993,TX
300.2,-477.6999999999999,TX
291.4,-482.6999999999999,TX
291.4,-492.89999999999986,TX
291.26249999999993,-493.42499999999984,TX
290.9,-493.79999999999984,TX
282,-498.79999999999984,TX
282,-509,TX
281.86249999999995,-509.525,TX
281.5,-509.9,TX
272.2,-515.4,TX
272,-515.75,TX
271.8,-515.8,TX
271.8,-515.8,TX
401,-285.7,TN
400.7125,-285.6875,TN
400.5,-285.59999999999997,TN
391.7,-280.4,TN
382.9,-285.59999999999997,TN
382.65,-285.6875,TN
382.4,-285.7,TN
382.15,-285.6875,TN
381.9,-285.59999999999997,TN
373,-280.4,TN
364.2,-285.59999999999997,TN
363.95,-285.6875,TN
363.7,-285.7,TN
363.4125,-285.6875,TN
363.2,-285.59999999999997,TN
353.9,-280.09999999999997,TN
353.5375,-279.725,TN
353.4,-279.2,TN
353.4,-269,TN
344.59999999999997,-264,TN
344.23749999999995,-263.625,TN
344.09999999999997,-263.1,TN
344.09999999999997,-252.3,TN
344.23749999999995,-251.775,TN
344.59999999999997,-251.4,TN
353.9,-246.1,TN
354.15,-246.0125,TN
354.4,-246,TN
354.65,-246.0125,TN
354.9,-246.1,TN
363.7,-251.1,TN
372.5,-246.1,TN
372.75,-246.0125,TN
373,-246,TN
373.25,-246.0125,TN
373.5,-246.1,TN
382.4,-251.1,TN
391.2,-246.1,TN
391.45,-246.0125,TN
391.7,-246,TN
391.95,-246.0125,TN
392.2,-246.1,TN
401,-251.1,TN
409.8,-246.1,TN
410.05,-246.0125,TN
410.3,-246,TN
410.55,-246.0125,TN
410.8,-246.1,TN
419.7,-251.1,TN
428.5,-246.1,TN
428.75,-246.0125,TN
429,-246,TN
429.25,-246.0125,TN
429.5,-246.1,TN
438.8,-251.4,TN
439.1625,-251.775,TN
439.3,-252.3,TN
439.3,-263.1,TN
439.1625,-263.625,TN
438.8,-264,TN
430,-269,TN
430,-279.2,TN
429.86249999999995,-279.725,TN
429.5,-280.09999999999997,TN
420.2,-285.59999999999997,TN
419.95,-285.6875,TN
419.7,-285.7,TN
419.45,-285.6875,TN
419.2,-285.59999999999997,TN
410.3,-280.4,TN
401.5,-285.59999999999997,TN
401.2875,-285.6875,TN
401,-285.7,TN
401,-285.7,TN
190.6,-146.9,SD
190.35,-146.8875,SD
190.1,-146.8,SD
180.7,-141.5,SD
180.3375,-141.125,SD
180.2,-140.60000000000002,SD
180.2,-129.8,SD
180.3375,-129.275,SD
180.7,-128.9,SD
190.1,-123.6,SD
190.35,-123.5125,SD
190.6,-123.5,SD
190.85,-123.5125,SD
191.1,-123.6,SD
200.4,-128.9,SD
200.76250000000002,-129.275,SD
200.9,-129.8,SD
200.9,-140.6,SD
200.76250000000002,-141.125,SD
200.4,-141.5,SD
191.10000000000002,-146.8,SD
190.8875,-146.85,SD
190.6,-146.9,SD
190.6,-146.9,SD
543.5,-381.5,SC
543.25,-381.4875,SC
543,-381.4,SC
533.7,-376.09999999999997,SC
533.3375000000001,-375.725,SC
533.2,-375.2,SC
533.2,-365,SC
524.4000000000001,-360,SC
524.0375000000001,-359.625,SC
523.9000000000001,-359.1,SC
523.9000000000001,-348.90000000000003,SC
515.0000000000001,-343.70000000000005,SC
514.6375000000002,-343.32500000000005,SC
514.5000000000001,-342.80000000000007,SC
514.5000000000001,-332,SC
514.6375000000002,-331.475,SC
515.0000000000001,-331.1,SC
524.4000000000001,-325.8,SC
524.6500000000001,-325.7125,SC
524.9000000000001,-325.7,SC
525.1500000000001,-325.7125,SC
525.4000000000001,-325.8,SC
534.2,-330.8,SC
543,-325.8,SC
543.25,-325.7125,SC
543.5,-325.7,SC
543.75,-325.7125,SC
544,-325.8,SC
553.3,-331.1,SC
553.6624999999999,-331.475,SC
553.8,-332,SC
553.8,-342.2,SC
562.1999999999999,-347.09999999999997,SC
570.9999999999999,-341.9,SC
571.2499999999999,-341.81249999999994,SC
571.4999999999999,-341.79999999999995,SC
571.7874999999999,-341.81249999999994,SC
571.9999999999999,-341.9,SC
581.2999999999998,-347.4,SC
581.6624999999998,-347.775,SC
581.7999999999998,-348.29999999999995,SC
581.7999999999998,-359.09999999999997,SC
581.6624999999998,-359.625,SC
581.2999999999998,-359.99999999999994,SC
572.4999999999999,-364.99999999999994,SC
572.4999999999999,-375.19999999999993,SC
572.3624999999998,-375.7249999999999,SC
571.9999999999999,-376.0999999999999,SC
562.6999999999999,-381.3999999999999,SC
562.4499999999999,-381.48749999999995,SC
562.1999999999999,-381.49999999999994,SC
561.9499999999999,-381.48749999999995,SC
561.6999999999999,-381.3999999999999,SC
552.8,-376.3999999999999,SC
544,-381.3999999999999,SC
543.75,-381.45,SC
543.5,-381.5,SC
543.5,-381.5,SC
645.7,-205.7,RI
645.45,-205.6875,RI
645.2,-205.6,RI
635.9000000000001,-200.29999999999998,RI
635.5375000000001,-199.92499999999998,RI
635.4000000000001,-199.39999999999998,RI
635.4000000000001,-189.2,RI
626.5000000000001,-184,RI
626.1375000000002,-183.625,RI
626.0000000000001,-183.1,RI
626.0000000000001,-172.29999999999998,RI
626.1375000000002,-171.77499999999998,RI
626.5000000000001,-171.39999999999998,RI
635.9000000000001,-166.09999999999997,RI
636.1500000000001,-166.0125,RI
636.4000000000001,-165.99999999999997,RI
636.6500000000001,-166.0125,RI
636.9000000000001,-166.09999999999997,RI
646.2,-171.39999999999998,RI
646.5625,-171.77499999999998,RI
646.7,-172.29999999999998,RI
646.7,-182.49999999999997,RI
655.5,-187.69999999999996,RI
655.8625,-188.07499999999996,RI
656,-188.59999999999997,RI
656,-199.39999999999998,RI
655.8625,-199.92499999999998,RI
655.5,-200.29999999999998,RI
646.2,-205.6,RI
645.9875,-205.6875,RI
645.7,-205.7,RI
645.7,-205.7,RI
571.1,-132.8,PA
562.3000000000001,-127.60000000000001,PA
562.3000000000001,-117.4,PA
562.1625,-116.875,PA
561.8000000000001,-116.5,PA
552.4000000000001,-111.2,PA
552.1500000000001,-111.11250000000001,PA
551.9000000000001,-111.10000000000001,PA
551.6500000000001,-111.11250000000001,PA
551.4000000000001,-111.2,PA
542.6000000000001,-116.2,PA
533.8000000000002,-111.2,PA
533.5500000000002,-111.11250000000001,PA
533.3000000000002,-111.10000000000001,PA
533.0500000000002,-111.11250000000001,PA
532.8000000000002,-111.2,PA
524.0000000000002,-116.2,PA
515.1000000000003,-111.2,PA
514.8500000000003,-111.11250000000001,PA
514.6000000000003,-111.10000000000001,PA
514.3500000000003,-111.11250000000001,PA
514.1000000000003,-111.2,PA
505.30000000000024,-116.2,PA
496.5000000000002,-111.2,PA
496.2500000000002,-111.11250000000001,PA
496.0000000000002,-111.10000000000001,PA
495.7500000000002,-111.11250000000001,PA
495.5000000000002,-111.2,PA
486.7000000000002,-116.2,PA
477.80000000000024,-111.2,PA
477.55000000000024,-111.11250000000001,PA
477.30000000000024,-111.10000000000001,PA
477.05000000000024,-111.11250000000001,PA
476.80000000000024,-111.2,PA
468.10000000000025,-116.2,PA
459.5000000000002,-111.3,PA
459.2500000000002,-111.2125,PA
459.0000000000002,-111.2,PA
458.7500000000002,-111.2125,PA
458.5000000000002,-111.3,PA
449.2000000000002,-116.6,PA
448.8375000000002,-116.975,PA
448.7000000000002,-117.5,PA
448.7000000000002,-128.3,PA
448.8375000000002,-128.82500000000002,PA
449.2000000000002,-129.20000000000002,PA
457.7000000000002,-134.20000000000002,PA
457.7000000000002,-144.50000000000003,PA
457.8375000000002,-145.02500000000003,PA
458.2000000000002,-145.40000000000003,PA
467.0000000000002,-150.40000000000003,PA
467.0000000000002,-160.60000000000002,PA
467.1375000000003,-161.12500000000003,PA
467.5000000000002,-161.50000000000003,PA
476.80000000000024,-166.80000000000004,PA
477.05000000000024,-166.88750000000005,PA
477.30000000000024,-166.90000000000003,PA
477.55000000000024,-166.88750000000005,PA
477.80000000000024,-166.80000000000004,PA
486.7000000000002,-161.80000000000004,PA
495.5000000000002,-166.80000000000004,PA
495.7500000000002,-166.88750000000005,PA
496.0000000000002,-166.90000000000003,PA
496.2500000000002,-166.88750000000005,PA
496.5000000000002,-166.80000000000004,PA
505.30000000000024,-161.80000000000004,PA
514.1000000000003,-166.80000000000004,PA
514.3500000000003,-166.88750000000005,PA
514.6000000000003,-166.90000000000003,PA
514.8500000000003,-166.88750000000005,PA
515.1000000000003,-166.80000000000004,PA
524.0000000000002,-161.80000000000004,PA
532.8000000000002,-166.80000000000004,PA
533.0500000000002,-166.88750000000005,PA
533.3000000000002,-166.90000000000003,PA
533.5500000000002,-166.88750000000005,PA
533.8000000000002,-166.80000000000004,PA
542.6000000000001,-161.80000000000004,PA
551.4000000000001,-166.80000000000004,PA
551.6500000000001,-166.88750000000005,PA
551.9000000000001,-166.90000000000003,PA
552.1500000000001,-166.88750000000005,PA
552.4000000000001,-166.80000000000004,PA
561.8000000000001,-161.50000000000003,PA
562.1625,-161.12500000000003,PA
562.3000000000001,-160.60000000000002,PA
562.3000000000001,-150.40000000000003,PA
571.1,-145.40000000000003,PA
571.4625,-145.02500000000003,PA
571.6,-144.50000000000003,PA
571.6,-133.70000000000002,PA
571.4625,-133.175,PA
571.1,-132.8,PA
571.1,-132.8,PA
103.4,-97,OR
94.10000000000001,-91.5,OR
93.85000000000001,-91.41250000000001,OR
93.60000000000001,-91.4,OR
93.3125,-91.41250000000001,OR
93.10000000000001,-91.5,OR
84.30000000000001,-96.7,OR
75.4,-91.5,OR
75.15,-91.41250000000001,OR
74.9,-91.4,OR
74.61250000000001,-91.41250000000001,OR
74.4,-91.5,OR
65.60000000000001,-96.7,OR
56.80000000000001,-91.5,OR
56.55000000000001,-91.41250000000001,OR
56.30000000000001,-91.4,OR
56.01250000000001,-91.41250000000001,OR
55.80000000000001,-91.5,OR
46.5,-97,OR
46.1375,-97.375,OR
46,-97.9,OR
46,-108.2,OR
37.2,-113.3,OR
36.837500000000006,-113.67500000000001,OR
36.7,-114.2,OR
36.7,-125,OR
36.837500000000006,-125.525,OR
37.2,-125.9,OR
46.5,-131.20000000000002,OR
46.75,-131.28750000000002,OR
47,-131.3,OR
47.25,-131.28750000000002,OR
47.5,-131.20000000000002,OR
56.3,-126.20000000000002,OR
65.2,-131.20000000000002,OR
65.45,-131.28750000000002,OR
65.7,-131.3,OR
65.95,-131.28750000000002,OR
66.2,-131.20000000000002,OR
74.9,-126.20000000000002,OR
83.80000000000001,-131.3,OR
84.05000000000001,-131.3875,OR
84.30000000000001,-131.4,OR
84.55000000000001,-131.3875,OR
84.80000000000001,-131.3,OR
94.10000000000001,-126.00000000000001,OR
94.4625,-125.625,OR
94.60000000000001,-125.10000000000001,OR
94.60000000000001,-114.7,OR
103.4,-109.60000000000001,OR
103.76250000000002,-109.225,OR
103.9,-108.7,OR
103.9,-97.9,OR
103.76250000000002,-97.375,OR
103.4,-97,OR
103.4,-97,OR
323.3,-337.6,OK
313.90000000000003,-332.3,OK
313.65000000000003,-332.2125,OK
313.40000000000003,-332.2,OK
313.15000000000003,-332.2125,OK
312.90000000000003,-332.3,OK
304.1,-337.3,OK
295.3,-332.3,OK
295.05,-332.2125,OK
294.8,-332.2,OK
294.55,-332.2125,OK
294.3,-332.3,OK
285.5,-337.3,OK
276.6,-332.3,OK
276.35,-332.2125,OK
276.1,-332.2,OK
275.85,-332.2125,OK
275.6,-332.3,OK
266.8,-337.3,OK
258,-332.3,OK
257.75,-332.2125,OK
257.5,-332.2,OK
257.25,-332.2125,OK
257,-332.3,OK
247.7,-337.6,OK
247.33749999999998,-337.975,OK
247.2,-338.5,OK
247.2,-349.3,OK
247.33749999999998,-349.82500000000005,OK
247.7,-350.2,OK
257,-355.5,OK
257.25,-355.58750000000003,OK
257.5,-355.6,OK
257.75,-355.58750000000003,OK
258,-355.5,OK
266.8,-350.5,OK
275.6,-355.5,OK
275.85,-355.58750000000003,OK
276.1,-355.6,OK
276.35,-355.58750000000003,OK
276.6,-355.5,OK
285.5,-350.5,OK
293.8,-355.2,OK
293.8,-365.4,OK
293.9375,-365.92499999999995,OK
294.3,-366.29999999999995,OK
303.6,-371.79999999999995,OK
303.85,-371.8875,OK
304.1,-371.9,OK
304.38750000000005,-371.8875,OK
304.6,-371.79999999999995,OK
313.90000000000003,-366.29999999999995,OK
314.26250000000005,-365.92499999999995,OK
314.40000000000003,-365.4,OK
314.40000000000003,-355.2,OK
323.3,-350.2,OK
323.6625,-349.82500000000005,OK
323.8,-349.3,OK
323.8,-338.5,OK
323.73749999999995,-337.9375,OK
323.3,-337.6,OK
323.3,-337.6,OK
402.6,-199.7,OH
402.35,-199.6875,OH
402.1,-199.6,OH
392.70000000000005,-194.29999999999998,OH
392.3375000000001,-193.92499999999998,OH
392.20000000000005,-193.39999999999998,OH
392.20000000000005,-183.2,OH
383.90000000000003,-178.5,OH
375.1,-183.5,OH
374.85,-183.58749999999998,OH
374.6,-183.6,OH
374.35,-183.58749999999998,OH
374.1,-183.5,OH
364.8,-178.2,OH
364.4375,-177.825,OH
364.3,-177.29999999999998,OH
364.3,-167.2,OH
355.40000000000003,-162.1,OH
355.0375,-161.725,OH
354.90000000000003,-161.2,OH
354.90000000000003,-150.39999999999998,OH
355.0375,-149.87499999999997,OH
355.40000000000003,-149.49999999999997,OH
364.3,-144.29999999999998,OH
364.3,-134.7,OH
355.40000000000003,-129.7,OH
355.0375,-129.325,OH
354.90000000000003,-128.79999999999998,OH
354.90000000000003,-118,OH
355.0375,-117.475,OH
355.40000000000003,-117.1,OH
364.8,-111.8,OH
365.05,-111.7125,OH
365.3,-111.7,OH
365.55,-111.7125,OH
365.8,-111.8,OH
374.6,-116.8,OH
383.40000000000003,-111.8,OH
383.65000000000003,-111.7125,OH
383.90000000000003,-111.7,OH
384.15000000000003,-111.7125,OH
384.40000000000003,-111.8,OH
393.70000000000005,-117.1,OH
394.0625,-117.475,OH
394.20000000000005,-118,OH
394.20000000000005,-128.2,OH
402.6,-133,OH
410.90000000000003,-128.3,OH
410.90000000000003,-118.10000000000001,OH
411.0375,-117.57500000000002,OH
411.40000000000003,-117.2,OH
420.70000000000005,-111.9,OH
420.95000000000005,-111.81250000000001,OH
421.20000000000005,-111.80000000000001,OH
421.45000000000005,-111.81250000000001,OH
421.70000000000005,-111.9,OH
431.1,-117.2,OH
431.4625,-117.57500000000002,OH
431.6,-118.10000000000001,OH
431.6,-128.3,OH
440.40000000000003,-133.3,OH
440.76250000000005,-133.675,OH
440.90000000000003,-134.20000000000002,OH
440.90000000000003,-145,OH
440.76250000000005,-145.525,OH
440.40000000000003,-145.9,OH
431.6,-151.1,OH
431.6,-161.29999999999998,OH
431.4625,-161.825,OH
431.1,-162.2,OH
422.20000000000005,-167.2,OH
422.20000000000005,-177.39999999999998,OH
422.0625,-177.92499999999998,OH
421.70000000000005,-178.29999999999998,OH
412.90000000000003,-183.29999999999998,OH
412.90000000000003,-193.49999999999997,OH
412.76250000000005,-194.02499999999998,OH
412.40000000000003,-194.39999999999998,OH
403.1,-199.7,OH
402.85,-199.7,OH
402.6,-199.7,OH
402.6,-199.7,OH
555.6,-35.7,NY
555.9625,-35.325,NY
556.1,-34.800000000000004,NY
556.1,-24.1,NY
555.9625,-23.575000000000003,NY
555.6,-23.200000000000003,NY
546.7,-18.000000000000004,NY
546.7,-7.8,NY
546.5625,-7.275,NY
546.2,-6.8999999999999995,NY
536.9000000000001,-1.5999999999999996,NY
536.6500000000001,-1.5124999999999995,NY
536.4000000000001,-1.4999999999999996,NY
536.1500000000001,-1.5124999999999995,NY
535.9000000000001,-1.5999999999999996,NY
527.1000000000001,-6.6,NY
518.3000000000002,-1.5999999999999996,NY
518.0500000000002,-1.5124999999999995,NY
517.8000000000002,-1.4999999999999996,NY
517.5500000000002,-1.5124999999999995,NY
517.3000000000002,-1.5999999999999996,NY
507.9000000000002,-6.8999999999999995,NY
507.53750000000025,-7.275,NY
507.4000000000002,-7.8,NY
507.4000000000002,-18,NY
498.6000000000002,-23.2,NY
498.2375000000002,-23.574999999999996,NY
498.1000000000002,-24.099999999999998,NY
498.1000000000002,-34.3,NY
489.3000000000002,-39.3,NY
488.9375000000002,-39.675,NY
488.8000000000002,-40.199999999999996,NY
488.8000000000002,-50.39999999999999,NY
479.9000000000002,-55.39999999999999,NY
471.6000000000002,-50.599999999999994,NY
471.3500000000002,-50.51249999999999,NY
471.1000000000002,-50.49999999999999,NY
470.8500000000002,-50.51249999999999,NY
470.6000000000002,-50.599999999999994,NY
461.8000000000002,-55.599999999999994,NY
453.00000000000017,-50.599999999999994,NY
452.75000000000017,-50.51249999999999,NY
452.50000000000017,-50.49999999999999,NY
452.25000000000017,-50.51249999999999,NY
452.00000000000017,-50.599999999999994,NY
442.6000000000002,-55.89999999999999,NY
442.2375000000002,-56.27499999999999,NY
442.1000000000002,-56.79999999999999,NY
442.1000000000002,-66.49999999999999,NY
433.3000000000002,-71.69999999999999,NY
432.9375000000002,-72.07499999999999,NY
432.8000000000002,-72.6,NY
432.8000000000002,-82.8,NY
424.00000000000017,-87.8,NY
423.63750000000016,-88.17500000000001,NY
423.50000000000017,-88.7,NY
423.50000000000017,-99.5,NY
423.63750000000016,-100.025,NY
424.00000000000017,-100.4,NY
433.3000000000002,-105.7,NY
433.5500000000002,-105.7875,NY
433.8000000000002,-105.8,NY
434.0500000000002,-105.7875,NY
434.3000000000002,-105.7,NY
443.1000000000002,-100.7,NY
452.00000000000017,-105.7,NY
452.25000000000017,-105.7875,NY
452.50000000000017,-105.8,NY
452.75000000000017,-105.7875,NY
453.00000000000017,-105.7,NY
461.8000000000002,-100.7,NY
470.6000000000002,-105.7,NY
470.8500000000002,-105.7875,NY
471.1000000000002,-105.8,NY
471.3500000000002,-105.7875,NY
471.6000000000002,-105.7,NY
480.4000000000002,-100.7,NY
489.3000000000002,-105.7,NY
489.5500000000002,-105.7875,NY
489.8000000000002,-105.8,NY
490.0500000000002,-105.7875,NY
490.3000000000002,-105.7,NY
499.1000000000002,-100.7,NY
507.9000000000002,-105.7,NY
508.1500000000002,-105.7875,NY
508.4000000000002,-105.8,NY
508.6500000000002,-105.7875,NY
508.9000000000002,-105.7,NY
517.8000000000002,-100.7,NY
526.6000000000001,-105.7,NY
526.8500000000001,-105.7875,NY
527.1000000000001,-105.8,NY
527.3500000000001,-105.7875,NY
527.6000000000001,-105.7,NY
536.9000000000001,-100.4,NY
537.2625,-100.025,NY
537.4000000000001,-99.5,NY
537.4000000000001,-89.2,NY
546.2,-84.2,NY
546.5625,-83.82499999999999,NY
546.7,-83.3,NY
546.7,-73.1,NY
555.6,-67.89999999999999,NY
555.9625,-67.52499999999998,NY
556.1,-66.99999999999999,NY
556.1,-56.3,NY
555.9625,-55.775,NY
555.6,-55.4,NY
546.7,-50.4,NY
546.7,-40.8,NY
555.6,-35.7,NY
555.6,-35.7,NY
95.3,-265.1,NV
95.05,-265.08750000000003,NV
94.8,-265,NV
85.39999999999999,-259.7,NV
85.0375,-259.32500000000005,NV
84.89999999999999,-258.8,NV
84.89999999999999,-248.60000000000002,NV
76.1,-243.40000000000003,NV
75.73749999999998,-243.02500000000003,NV
75.6,-242.50000000000003,NV
75.6,-231.70000000000002,NV
75.73749999999998,-231.175,NV
76.1,-230.8,NV
84.89999999999999,-225.8,NV
84.89999999999999,-215.60000000000002,NV
85.0375,-215.07500000000002,NV
85.39999999999999,-214.70000000000002,NV
94.8,-209.4,NV
95.05,-209.3125,NV
95.3,-209.3,NV
95.55,-209.3125,NV
95.8,-209.4,NV
105.1,-214.70000000000002,NV
105.4625,-215.07500000000002,NV
105.6,-215.60000000000002,NV
105.6,-225.8,NV
114.39999999999999,-230.8,NV
114.76249999999999,-231.175,NV
114.89999999999999,-231.70000000000002,NV
114.89999999999999,-242.50000000000003,NV
114.76249999999999,-243.02500000000003,NV
114.39999999999999,-243.40000000000003,NV
105.6,-248.60000000000002,NV
105.6,-258.8,NV
105.4625,-259.32500000000005,NV
105.1,-259.7,NV
95.8,-265,NV
95.5875,-265.08750000000003,NV
95.3,-265.1,NV
95.3,-265.1,NV
232.1,-335.4,NM
231.9625,-334.875,NM
231.6,-334.5,NM
222.79999999999998,-329.3,NM
222.79999999999998,-318.90000000000003,NM
222.6625,-318.375,NM
222.29999999999998,-318.00000000000006,NM
212.99999999999997,-312.50000000000006,NM
212.74999999999997,-312.4125,NM
212.49999999999997,-312.40000000000003,NM
212.24999999999997,-312.4125,NM
211.99999999999997,-312.50000000000006,NM
202.69999999999996,-317.90000000000003,NM
202.33749999999995,-318.275,NM
202.19999999999996,-318.8,NM
202.19999999999996,-329.3,NM
193.29999999999995,-334.40000000000003,NM
192.93749999999994,-334.775,NM
192.79999999999995,-335.3,NM
192.79999999999995,-346,NM
192.93749999999994,-346.525,NM
193.29999999999995,-346.9,NM
202.59999999999997,-352.4,NM
202.84999999999997,-352.4875,NM
203.09999999999997,-352.5,NM
203.34999999999997,-352.4875,NM
203.59999999999997,-352.4,NM
212.39999999999998,-347.29999999999995,NM
221.29999999999998,-352.29999999999995,NM
221.54999999999998,-352.3875,NM
221.79999999999998,-352.4,NM
222.04999999999998,-352.3875,NM
222.29999999999998,-352.29999999999995,NM
231.6,-346.9,NM
231.9625,-346.525,NM
232.1,-346,NM
232.1,-335.4,NM
232.1,-335.4,NM
636.4,-218.8,NJ
627.5,-213.8,NJ
627.5,-203.60000000000002,NJ
627.3625,-203.07500000000002,NJ
627,-202.70000000000002,NJ
618.2,-197.70000000000002,NJ
618.2,-187.50000000000003,NJ
618.0625,-186.97500000000002,NJ
617.7,-186.60000000000002,NJ
608.9000000000001,-181.40000000000003,NJ
608.9000000000001,-171.20000000000005,NJ
608.7625,-170.67500000000004,NJ
608.4000000000001,-170.30000000000004,NJ
599.1000000000001,-165.00000000000003,NJ
598.8500000000001,-164.91250000000002,NJ
598.6000000000001,-164.90000000000003,NJ
598.3500000000001,-164.91250000000002,NJ
598.1000000000001,-165.00000000000003,NJ
589.2000000000002,-170.00000000000003,NJ
580.4000000000002,-165.00000000000003,NJ
580.1500000000002,-164.91250000000002,NJ
579.9000000000002,-164.90000000000003,NJ
579.6500000000002,-164.91250000000002,NJ
579.4000000000002,-165.00000000000003,NJ
570.1000000000003,-170.30000000000004,NJ
569.7375000000003,-170.67500000000004,NJ
569.6000000000003,-171.20000000000005,NJ
569.6000000000003,-182,NJ
569.7375000000003,-182.525,NJ
570.1000000000003,-182.9,NJ
578.9000000000002,-188.1,NJ
578.9000000000002,-198.29999999999998,NJ
579.0375000000003,-198.825,NJ
579.4000000000002,-199.2,NJ
588.2000000000002,-204.2,NJ
588.2000000000002,-214.39999999999998,NJ
588.3375000000002,-214.92499999999998,NJ
588.7000000000002,-215.29999999999998,NJ
597.6000000000001,-220.29999999999998,NJ
597.6000000000001,-229.89999999999998,NJ
588.7000000000002,-235.09999999999997,NJ
588.3375000000002,-235.47499999999997,NJ
588.2000000000002,-235.99999999999997,NJ
588.2000000000002,-246.19999999999996,NJ
579.5000000000001,-251.19999999999996,NJ
579.1375000000002,-251.57499999999996,NJ
579.0000000000001,-252.09999999999997,NJ
579.0000000000001,-262.9,NJ
579.1375000000002,-263.42499999999995,NJ
579.5000000000001,-263.79999999999995,NJ
588.8000000000001,-269.09999999999997,NJ
589.0500000000001,-269.1875,NJ
589.3000000000001,-269.2,NJ
589.5500000000001,-269.1875,NJ
589.8000000000001,-269.09999999999997,NJ
598.6,-264.09999999999997,NJ
607.4,-269.09999999999997,NJ
607.65,-269.1875,NJ
607.9,-269.2,NJ
608.15,-269.1875,NJ
608.4,-269.09999999999997,NJ
617.8,-263.79999999999995,NJ
618.1624999999999,-263.42499999999995,NJ
618.3,-262.9,NJ
618.3,-252.7,NJ
627,-247.7,NJ
627.3625,-247.325,NJ
627.5,-246.79999999999998,NJ
627.5,-236.6,NJ
636.4,-231.4,NJ
636.7624999999999,-231.025,NJ
636.9,-230.5,NJ
636.9,-219.7,NJ
636.7624999999999,-219.13750000000002,NJ
636.4,-218.8,NJ
636.4,-218.8,NJ
611.5,-67.3,NH
611.25,-67.2875,NH
611,-67.2,NH
601.7,-61.900000000000006,NH
601.3375000000001,-61.525000000000006,NH
601.2,-61.00000000000001,NH
601.2,-50.8,NH
592.4000000000001,-45.599999999999994,NH
592.0375000000001,-45.224999999999994,NH
591.9000000000001,-44.699999999999996,NH
591.9000000000001,-34,NH
592.0375000000001,-33.475,NH
592.4000000000001,-33.1,NH
601.7,-27.8,NH
601.95,-27.7125,NH
602.2,-27.7,NH
602.45,-27.7125,NH
602.7,-27.8,NH
612,-33.1,NH
612.3625,-33.475,NH
612.5,-34,NH
612.5,-44.2,NH
621.4,-49.400000000000006,NH
621.7624999999999,-49.775000000000006,NH
621.9,-50.300000000000004,NH
621.9,-61.10000000000001,NH
621.7624999999999,-61.62500000000001,NH
621.4,-62.00000000000001,NH
612,-67.30000000000001,NH
611.7125,-67.30000000000001,NH
611.5,-67.3,NH
611.5,-67.3,NH
224.1,-249.8,NE
223.85,-249.78750000000002,NE
223.6,-249.70000000000002,NE
214.29999999999998,-244.3,NE
213.93749999999997,-243.925,NE
213.79999999999998,-243.4,NE
213.79999999999998,-233.3,NE
205.49999999999997,-228.5,NE
196.89999999999998,-233.6,NE
196.64999999999998,-233.6875,NE
196.39999999999998,-233.7,NE
196.11249999999998,-233.6875,NE
195.89999999999998,-233.6,NE
186.59999999999997,-228.1,NE
186.23749999999995,-227.725,NE
186.09999999999997,-227.2,NE
186.09999999999997,-216.39999999999998,NE
186.23749999999995,-215.87499999999997,NE
186.59999999999997,-215.49999999999997,NE
195.89999999999998,-210.19999999999996,NE
196.14999999999998,-210.11249999999995,NE
196.39999999999998,-210.09999999999997,NE
196.64999999999998,-210.11249999999995,NE
196.89999999999998,-210.19999999999996,NE
205.7,-215.29999999999995,NE
214.29999999999998,-210.19999999999996,NE
214.54999999999998,-210.11249999999995,NE
214.79999999999998,-210.09999999999997,NE
215.08749999999998,-210.11249999999995,NE
215.29999999999998,-210.19999999999996,NE
224.6,-215.69999999999996,NE
224.9625,-216.07499999999996,NE
225.1,-216.59999999999997,NE
225.1,-226.69999999999996,NE
234,-231.79999999999995,NE
234.3625,-232.17499999999995,NE
234.5,-232.69999999999996,NE
234.5,-243.39999999999995,NE
234.3625,-243.92499999999995,NE
234,-244.29999999999995,NE
224.6,-249.69999999999996,NE
224.3125,-249.78750000000002,NE
224.1,-249.8,NE
224.1,-249.8,NE
155.4,-120.4,ND
155.15,-120.3875,ND
154.9,-120.3,ND
145.6,-115,ND
145.2375,-114.625,ND
145.1,-114.1,ND
145.1,-103.3,ND
145.2375,-102.775,ND
145.6,-102.4,ND
154.9,-96.9,ND
155.15,-96.8125,ND
155.4,-96.8,ND
155.65,-96.8125,ND
155.9,-96.9,ND
165.3,-102.4,ND
165.66250000000002,-102.775,ND
165.8,-103.3,ND
165.8,-114.1,ND
165.66250000000002,-114.625,ND
165.3,-115,ND
155.9,-120.3,ND
155.65,-120.35,ND
155.4,-120.4,ND
155.4,-120.4,ND
615.6,-283.9,NC
606.3000000000001,-278.4,NC
606.0500000000001,-278.31249999999994,NC
605.8000000000001,-278.29999999999995,NC
605.5500000000001,-278.31249999999994,NC
605.3000000000001,-278.4,NC
596.4000000000001,-283.59999999999997,NC
587.6000000000001,-278.4,NC
587.3500000000001,-278.31249999999994,NC
587.1000000000001,-278.29999999999995,NC
586.8125000000001,-278.31249999999994,NC
586.6000000000001,-278.4,NC
577.8000000000002,-283.59999999999997,NC
569.0000000000002,-278.4,NC
568.7500000000002,-278.31249999999994,NC
568.5000000000002,-278.29999999999995,NC
568.2500000000002,-278.31249999999994,NC
568.0000000000002,-278.4,NC
559.1000000000003,-283.59999999999997,NC
550.3000000000003,-278.4,NC
550.0500000000003,-278.31249999999994,NC
549.8000000000003,-278.29999999999995,NC
549.5125000000003,-278.31249999999994,NC
549.3000000000003,-278.4,NC
540.5000000000003,-283.59999999999997,NC
531.7000000000004,-278.4,NC
531.4500000000004,-278.31249999999994,NC
531.2000000000004,-278.29999999999995,NC
530.9500000000004,-278.31249999999994,NC
530.7000000000004,-278.4,NC
521.8000000000004,-283.59999999999997,NC
513.0000000000005,-278.4,NC
512.7500000000005,-278.31249999999994,NC
512.5000000000005,-278.29999999999995,NC
512.2125000000004,-278.31249999999994,NC
512.0000000000005,-278.4,NC
503.20000000000044,-283.59999999999997,NC
494.40000000000043,-278.4,NC
494.15000000000043,-278.31249999999994,NC
493.90000000000043,-278.29999999999995,NC
493.6125000000004,-278.31249999999994,NC
493.40000000000043,-278.4,NC
484.1000000000004,-283.9,NC
483.7375000000004,-284.275,NC
483.6000000000004,-284.79999999999995,NC
483.6000000000004,-295.59999999999997,NC
483.7375000000004,-296.125,NC
484.1000000000004,-296.49999999999994,NC
493.40000000000043,-301.79999999999995,NC
493.65000000000043,-301.8875,NC
493.90000000000043,-301.9,NC
494.15000000000043,-301.8875,NC
494.40000000000043,-301.79999999999995,NC
503.20000000000044,-296.79999999999995,NC
511.50000000000045,-301.49999999999994,NC
511.50000000000045,-311.69999999999993,NC
511.6375000000005,-312.2249999999999,NC
512.0000000000005,-312.5999999999999,NC
521.3000000000004,-317.8999999999999,NC
521.5500000000004,-317.98749999999995,NC
521.8000000000004,-317.99999999999994,NC
522.0500000000004,-317.98749999999995,NC
522.3000000000004,-317.8999999999999,NC
531.2000000000004,-312.8999999999999,NC
540.0000000000003,-317.8999999999999,NC
540.2500000000003,-317.98749999999995,NC
540.5000000000003,-317.99999999999994,NC
540.7500000000003,-317.98749999999995,NC
541.0000000000003,-317.8999999999999,NC
549.8000000000003,-312.8999999999999,NC
558.1000000000003,-317.5999999999999,NC
558.1000000000003,-327.7999999999999,NC
558.2375000000003,-328.32499999999993,NC
558.6000000000003,-328.6999999999999,NC
568.0000000000002,-334.1999999999999,NC
568.2500000000002,-334.2874999999999,NC
568.5000000000002,-334.2999999999999,NC
568.7875000000003,-334.2874999999999,NC
569.0000000000002,-334.1999999999999,NC
577.8000000000002,-328.9999999999999,NC
586.6000000000001,-334.1999999999999,NC
586.8500000000001,-334.2874999999999,NC
587.1000000000001,-334.2999999999999,NC
587.3875000000002,-334.2874999999999,NC
587.6000000000001,-334.1999999999999,NC
596.9000000000001,-328.6999999999999,NC
597.2625,-328.32499999999993,NC
597.4000000000001,-327.7999999999999,NC
597.4000000000001,-317.5999999999999,NC
606.3000000000001,-312.5999999999999,NC
606.6625,-312.2249999999999,NC
606.8000000000001,-311.69999999999993,NC
606.8000000000001,-301.49999999999994,NC
615.6,-296.49999999999994,NC
615.9625,-296.125,NC
616.1,-295.59999999999997,NC
616.1,-284.79999999999995,NC
615.9625,-284.3125,NC
615.6,-283.9,NC
615.6,-283.9,NC
141,-162.2,MT
140.75,-162.1875,MT
140.5,-162.1,MT
131.2,-156.79999999999998,MT
130.83749999999998,-156.42499999999998,MT
130.7,-155.89999999999998,MT
130.7,-146,MT
121.89999999999999,-141,MT
121.5375,-140.625,MT
121.39999999999999,-140.1,MT
121.39999999999999,-129.29999999999998,MT
121.5375,-128.77499999999998,MT
121.89999999999999,-128.39999999999998,MT
131.2,-123.09999999999998,MT
131.45,-123.01249999999999,MT
131.7,-122.99999999999999,MT
131.95,-123.01249999999999,MT
132.2,-123.09999999999998,MT
141.5,-128.39999999999998,MT
141.8625,-128.77499999999998,MT
142,-129.29999999999998,MT
142,-139.2,MT
150.8,-144.2,MT
151.16250000000002,-144.575,MT
151.3,-145.1,MT
151.3,-155.9,MT
151.16250000000002,-156.425,MT
150.8,-156.8,MT
141.5,-162.10000000000002,MT
141.2875,-162.14999999999998,MT
141,-162.2,MT
141,-162.2,MT
417.4,-441.7,MS
417.15,-441.6875,MS
416.9,-441.59999999999997,MS
407.5,-436.29999999999995,MS
407.13750000000005,-435.92499999999995,MS
407,-435.4,MS
407,-425.2,MS
398.2,-420.2,MS
397.8375,-419.82500000000005,MS
397.7,-419.3,MS
397.7,-408.5,MS
397.8375,-407.975,MS
398.2,-407.6,MS
407,-402.40000000000003,MS
407,-392.20000000000005,MS
407.13750000000005,-391.67500000000007,MS
407.5,-391.30000000000007,MS
416.9,-386.00000000000006,MS
417.15,-385.9125,MS
417.4,-385.90000000000003,MS
417.65,-385.9125,MS
417.9,-386.00000000000006,MS
427.2,-391.30000000000007,MS
427.5625,-391.67500000000007,MS
427.7,-392.20000000000005,MS
427.7,-402.40000000000003,MS
436.5,-407.6,MS
436.86249999999995,-407.975,MS
437,-408.5,MS
437,-419.3,MS
436.86249999999995,-419.82500000000005,MS
436.5,-420.2,MS
427.7,-425.2,MS
427.7,-435.4,MS
427.5625,-435.92499999999995,MS
427.2,-436.29999999999995,MS
417.9,-441.59999999999997,MS
417.6875,-441.6875,MS
417.4,-441.7,MS
417.4,-441.7,MS
337.1,-326.5,MO
336.85,-326.4875,MO
336.6,-326.4,MO
327.8,-321.4,MO
319,-326.4,MO
318.75,-326.4875,MO
318.5,-326.5,MO
318.25,-326.4875,MO
318,-326.4,MO
308.6,-321.09999999999997,MO
308.23750000000007,-320.725,MO
308.1,-320.2,MO
308.1,-310,MO
299.3,-304.8,MO
298.9375,-304.42500000000007,MO
298.8,-303.90000000000003,MO
298.8,-293.70000000000005,MO
290,-288.70000000000005,MO
289.63750000000005,-288.32500000000005,MO
289.5,-287.80000000000007,MO
289.5,-277,MO
289.63750000000005,-276.475,MO
290,-276.1,MO
299.3,-270.8,MO
299.55,-270.7125,MO
299.8,-270.7,MO
300.05,-270.7125,MO
300.3,-270.8,MO
309.1,-275.8,MO
318,-270.8,MO
318.25,-270.7125,MO
318.5,-270.7,MO
318.75,-270.7125,MO
319,-270.8,MO
328.3,-276.1,MO
328.6625,-276.475,MO
328.8,-277,MO
328.8,-287.2,MO
337.2,-292,MO
345.9,-286.9,MO
346.15,-286.81249999999994,MO
346.4,-286.79999999999995,MO
346.6875,-286.81249999999994,MO
346.9,-286.9,MO
356.2,-292.4,MO
356.5625,-292.775,MO
356.7,-293.29999999999995,MO
356.7,-303.4,MO
365.59999999999997,-308.4,MO
365.9625,-308.775,MO
366.09999999999997,-309.29999999999995,MO
366.09999999999997,-320.09999999999997,MO
365.9625,-320.625,MO
365.59999999999997,-320.99999999999994,MO
356.2,-326.29999999999995,MO
355.95,-326.3875,MO
355.7,-326.4,MO
355.45,-326.3875,MO
355.2,-326.29999999999995,MO
346.4,-321.29999999999995,MO
337.5,-326.4,MO
337.29999999999995,-326.45,MO
337.1,-326.5,MO
337.1,-326.5,MO
201.8,-99.2,MN
201.55,-99.1875,MN
201.3,-99.10000000000001,MN
192.4,-94.10000000000001,MN
183.6,-99.10000000000001,MN
183.35,-99.1875,MN
183.1,-99.2,MN
182.85,-99.1875,MN
182.6,-99.10000000000001,MN
173.29999999999998,-93.80000000000001,MN
172.93749999999997,-93.42500000000001,MN
172.79999999999998,-92.9,MN
172.79999999999998,-82.6,MN
163.99999999999997,-77.6,MN
163.63749999999996,-77.225,MN
163.49999999999997,-76.69999999999999,MN
163.49999999999997,-66.5,MN
154.59999999999997,-61.3,MN
154.23749999999995,-60.925,MN
154.09999999999997,-60.4,MN
154.09999999999997,-49.7,MN
154.23749999999995,-49.175000000000004,MN
154.59999999999997,-48.800000000000004,MN
163.49999999999997,-43.800000000000004,MN
163.49999999999997,-33.6,MN
163.63749999999996,-33.075,MN
163.99999999999997,-32.7,MN
173.29999999999998,-27.400000000000002,MN
173.54999999999998,-27.3125,MN
173.79999999999998,-27.3,MN
174.04999999999998,-27.3125,MN
174.29999999999998,-27.400000000000002,MN
183.1,-32.400000000000006,MN
191.9,-27.400000000000006,MN
192.15,-27.312500000000004,MN
192.4,-27.300000000000004,MN
192.65,-27.312500000000004,MN
192.9,-27.400000000000006,MN
202.3,-32.7,MN
202.66250000000002,-33.075,MN
202.8,-33.6,MN
202.8,-44.400000000000006,MN
202.66250000000002,-44.925000000000004,MN
202.3,-45.300000000000004,MN
193.4,-50.300000000000004,MN
193.4,-59.900000000000006,MN
202.3,-65.10000000000001,MN
202.66250000000002,-65.47500000000002,MN
202.8,-66.00000000000001,MN
202.8,-76.20000000000002,MN
211.60000000000002,-81.20000000000002,MN
211.96250000000003,-81.57500000000002,MN
212.10000000000002,-82.10000000000002,MN
212.10000000000002,-92.90000000000002,MN
211.96250000000003,-93.42500000000001,MN
211.60000000000002,-93.80000000000003,MN
202.3,-99.10000000000002,MN
202.0875,-99.15,MN
201.8,-99.2,MN
201.8,-99.2,MN
364.1,-64.7,MI
354.8,-59.400000000000006,MI
354.55,-59.3125,MI
354.3,-59.300000000000004,MI
354.05,-59.3125,MI
353.8,-59.400000000000006,MI
345,-64.4,MI
336.6,-59.60000000000001,MI
336.6,-50,MI
345.5,-44.8,MI
345.86249999999995,-44.425,MI
346,-43.9,MI
346,-33.2,MI
345.86249999999995,-32.675000000000004,MI
345.5,-32.300000000000004,MI
336.1,-27.000000000000004,MI
335.85,-26.9125,MI
335.6,-26.900000000000002,MI
335.35,-26.9125,MI
335.1,-27.000000000000004,MI
326.3,-32,MI
317.5,-27,MI
317.25,-26.912499999999998,MI
317,-26.9,MI
316.75,-26.912499999999998,MI
316.5,-27,MI
307.2,-32.3,MI
306.8375,-32.675,MI
306.7,-33.199999999999996,MI
306.7,-43.39999999999999,MI
297.8,-48.599999999999994,MI
297.4375,-48.974999999999994,MI
297.3,-49.49999999999999,MI
297.3,-59.69999999999999,MI
288.5,-64.69999999999999,MI
288.13750000000005,-65.07499999999999,MI
288,-65.6,MI
288,-76.39999999999999,MI
288.13750000000005,-76.92499999999998,MI
288.5,-77.3,MI
297.3,-82.3,MI
297.3,-92.5,MI
297.4375,-93.025,MI
297.8,-93.4,MI
306.7,-98.60000000000001,MI
306.7,-108.80000000000001,MI
306.8375,-109.32500000000002,MI
307.2,-109.70000000000002,MI
316.5,-115.00000000000001,MI
316.75,-115.0875,MI
317,-115.10000000000001,MI
317.25,-115.0875,MI
317.5,-115.00000000000001,MI
326.3,-110.00000000000001,MI
335.1,-115.00000000000001,MI
335.35,-115.0875,MI
335.6,-115.10000000000001,MI
335.85,-115.0875,MI
336.1,-115.00000000000001,MI
345.5,-109.70000000000002,MI
345.86249999999995,-109.32500000000002,MI
346,-108.80000000000001,MI
346,-98.5,MI
354.8,-93.3,MI
355.1625,-92.92499999999998,MI
355.3,-92.39999999999999,MI
355.3,-82.2,MI
364.1,-77.2,MI
364.4625,-76.82499999999999,MI
364.6,-76.3,MI
364.6,-65.6,MI
364.4625,-65.07500000000002,MI
364.1,-64.7,MI
364.1,-64.7,MI
542.7,-177.7,MD
533.4000000000001,-172.2,MD
533.1500000000001,-172.1125,MD
532.9000000000001,-172.1,MD
532.6500000000001,-172.1125,MD
532.4000000000001,-172.2,MD
523.5000000000001,-177.39999999999998,MD
514.7000000000002,-172.2,MD
514.4500000000002,-172.1125,MD
514.2000000000002,-172.1,MD
513.9125000000001,-172.1125,MD
513.7000000000002,-172.2,MD
504.90000000000015,-177.39999999999998,MD
496.10000000000014,-172.2,MD
495.85000000000014,-172.1125,MD
495.60000000000014,-172.1,MD
495.35000000000014,-172.1125,MD
495.10000000000014,-172.2,MD
486.20000000000016,-177.39999999999998,MD
477.40000000000015,-172.2,MD
477.15000000000015,-172.1125,MD
476.90000000000015,-172.1,MD
476.6125000000002,-172.1125,MD
476.40000000000015,-172.2,MD
467.60000000000014,-177.39999999999998,MD
458.8000000000001,-172.2,MD
458.5500000000001,-172.1125,MD
458.3000000000001,-172.1,MD
458.0500000000001,-172.1125,MD
457.8000000000001,-172.2,MD
448.90000000000015,-177.39999999999998,MD
440.10000000000014,-172.2,MD
439.85000000000014,-172.1125,MD
439.60000000000014,-172.1,MD
439.3125000000001,-172.1125,MD
439.10000000000014,-172.2,MD
429.8000000000001,-177.7,MD
429.4375000000001,-178.075,MD
429.3000000000001,-178.6,MD
429.3000000000001,-189.4,MD
429.4375000000001,-189.925,MD
429.8000000000001,-190.3,MD
439.10000000000014,-195.60000000000002,MD
439.35000000000014,-195.6875,MD
439.60000000000014,-195.70000000000002,MD
439.85000000000014,-195.6875,MD
440.10000000000014,-195.60000000000002,MD
448.90000000000015,-190.60000000000002,MD
457.8000000000001,-195.60000000000002,MD
458.0500000000001,-195.6875,MD
458.3000000000001,-195.70000000000002,MD
458.5500000000001,-195.6875,MD
458.8000000000001,-195.60000000000002,MD
467.60000000000014,-190.60000000000002,MD
476.40000000000015,-195.60000000000002,MD
476.65000000000015,-195.6875,MD
476.90000000000015,-195.70000000000002,MD
477.15000000000015,-195.6875,MD
477.40000000000015,-195.60000000000002,MD
486.20000000000016,-190.60000000000002,MD
494.60000000000014,-195.40000000000003,MD
494.60000000000014,-205.60000000000002,MD
494.7375000000002,-206.12500000000003,MD
495.10000000000014,-206.50000000000003,MD
504.40000000000015,-211.80000000000004,MD
504.65000000000015,-211.88750000000005,MD
504.90000000000015,-211.90000000000003,MD
505.15000000000015,-211.88750000000005,MD
505.40000000000015,-211.80000000000004,MD
514.2000000000002,-206.80000000000004,MD
523.0000000000001,-211.80000000000004,MD
523.2500000000001,-211.88750000000005,MD
523.5000000000001,-211.90000000000003,MD
523.7500000000001,-211.88750000000005,MD
524.0000000000001,-211.80000000000004,MD
533.4000000000001,-206.50000000000003,MD
533.7625,-206.12500000000003,MD
533.9000000000001,-205.60000000000002,MD
533.9000000000001,-195.40000000000003,MD
542.7,-190.40000000000003,MD
543.0625,-190.02500000000003,MD
543.2,-189.50000000000003,MD
543.2,-178.70000000000002,MD
543.0625,-178.0875,MD
542.7,-177.7,MD
542.7,-177.7,MD
634.2,-42.2,ME
633.95,-42.1875,ME
633.7,-42.1,ME
624.4000000000001,-36.800000000000004,ME
624.0375000000001,-36.425000000000004,ME
623.9000000000001,-35.900000000000006,ME
623.9000000000001,-25.1,ME
624.0375000000001,-24.575000000000003,ME
624.4000000000001,-24.200000000000003,ME
633.2,-19.000000000000004,ME
633.2,-8.8,ME
633.3375000000001,-8.275,ME
633.7,-7.9,ME
643,-2.6000000000000005,ME
643.25,-2.5125,ME
643.5,-2.5000000000000004,ME
643.75,-2.5125,ME
644,-2.6000000000000005,ME
653.3,-7.9,ME
653.6624999999999,-8.275,ME
653.8,-8.8,ME
653.8,-19.6,ME
653.6624999999999,-20.125,ME
653.3,-20.5,ME
644.5,-25.7,ME
644.5,-35.9,ME
644.3625,-36.425,ME
644,-36.8,ME
634.7,-42.099999999999994,ME
634.4875,-42.150000000000006,ME
634.2,-42.2,ME
634.2,-42.2,ME
659.9,-95.8,MA
651.1,-90.6,MA
651.1,-80.4,MA
650.9625,-79.875,MA
650.6,-79.5,MA
641.2,-74.2,MA
640.95,-74.11250000000001,MA
640.7,-74.10000000000001,MA
640.45,-74.11250000000001,MA
640.2,-74.2,MA
631.4000000000001,-79.2,MA
622.6000000000001,-74.2,MA
622.3500000000001,-74.11250000000001,MA
622.1000000000001,-74.10000000000001,MA
621.8500000000001,-74.11250000000001,MA
621.6000000000001,-74.2,MA
612.8000000000002,-79.2,MA
603.9000000000002,-74.2,MA
603.6500000000002,-74.11250000000001,MA
603.4000000000002,-74.10000000000001,MA
603.1500000000002,-74.11250000000001,MA
602.9000000000002,-74.2,MA
594.1000000000003,-79.2,MA
585.3000000000003,-74.2,MA
585.0500000000003,-74.11250000000001,MA
584.8000000000003,-74.10000000000001,MA
584.5500000000003,-74.11250000000001,MA
584.3000000000003,-74.2,MA
575.0000000000003,-79.5,MA
574.6375000000004,-79.875,MA
574.5000000000003,-80.4,MA
574.5000000000003,-90.60000000000001,MA
565.6000000000004,-95.80000000000001,MA
565.2375000000004,-96.17500000000001,MA
565.1000000000004,-96.70000000000002,MA
565.1000000000004,-107.50000000000001,MA
565.2375000000004,-108.025,MA
565.6000000000004,-108.40000000000002,MA
575.0000000000003,-113.70000000000002,MA
575.2500000000003,-113.78750000000001,MA
575.5000000000003,-113.80000000000001,MA
575.7500000000003,-113.78750000000001,MA
576.0000000000003,-113.70000000000002,MA
584.8000000000003,-108.70000000000002,MA
593.6000000000003,-113.70000000000002,MA
593.8500000000003,-113.78750000000001,MA
594.1000000000003,-113.80000000000001,MA
594.3500000000003,-113.78750000000001,MA
594.6000000000003,-113.70000000000002,MA
603.4000000000002,-108.70000000000002,MA
612.3000000000002,-113.70000000000002,MA
612.5500000000002,-113.78750000000001,MA
612.8000000000002,-113.80000000000001,MA
613.0500000000002,-113.78750000000001,MA
613.3000000000002,-113.70000000000002,MA
622.1000000000001,-108.70000000000002,MA
630.9000000000001,-113.70000000000002,MA
631.1500000000001,-113.78750000000001,MA
631.4000000000001,-113.80000000000001,MA
631.6500000000001,-113.78750000000001,MA
631.9000000000001,-113.70000000000002,MA
640.7,-108.70000000000002,MA
649.6,-113.70000000000002,MA
649.85,-113.78750000000001,MA
650.1,-113.80000000000001,MA
650.35,-113.78750000000001,MA
650.6,-113.70000000000002,MA
659.9,-108.40000000000002,MA
660.2624999999999,-108.025,MA
660.4,-107.50000000000001,MA
660.4,-96.6,MA
660.2624999999999,-96.125,MA
659.9,-95.8,MA
659.9,-95.8,MA
386,-414.9,LA
376.7,-409.4,LA
376.45,-409.31249999999994,LA
376.2,-409.29999999999995,LA
375.9125,-409.31249999999994,LA
375.7,-409.4,LA
367,-414.5,LA
358.7,-409.7,LA
358.7,-400.09999999999997,LA
367.5,-394.9,LA
367.86249999999995,-394.525,LA
368,-394,LA
368,-383.2,LA
367.86249999999995,-382.67499999999995,LA
367.5,-382.3,LA
358.2,-377,LA
357.95,-376.91249999999997,LA
357.7,-376.9,LA
357.45,-376.91249999999997,LA
357.2,-377,LA
348.3,-382,LA
339.5,-377,LA
339.25,-376.91249999999997,LA
339,-376.9,LA
338.75,-376.91249999999997,LA
338.5,-377,LA
329.2,-382.3,LA
328.8375,-382.67499999999995,LA
328.7,-383.2,LA
328.7,-394,LA
328.8375,-394.525,LA
329.2,-394.9,LA
338,-400.09999999999997,LA
338,-409.7,LA
329.2,-414.7,LA
328.8375,-415.07499999999993,LA
328.7,-415.59999999999997,LA
328.7,-426.4,LA
328.8375,-426.92499999999995,LA
329.2,-427.29999999999995,LA
338.5,-432.59999999999997,LA
338.75,-432.6875,LA
339,-432.7,LA
339.25,-432.6875,LA
339.5,-432.59999999999997,LA
348.3,-427.59999999999997,LA
357.2,-432.59999999999997,LA
357.45,-432.6875,LA
357.7,-432.7,LA
357.95,-432.6875,LA
358.2,-432.59999999999997,LA
366.9,-427.59999999999997,LA
375.79999999999995,-432.7,LA
376.04999999999995,-432.7875,LA
376.29999999999995,-432.8,LA
376.54999999999995,-432.7875,LA
376.79999999999995,-432.7,LA
386.09999999999997,-427.4,LA
386.4625,-427.025,LA
386.59999999999997,-426.5,LA
386.59999999999997,-415.7,LA
386.4125,-415.2625,LA
386,-414.9,LA
386,-414.9,LA
399.1,-220.7,KY
390.3,-215.5,KY
390.3,-205.3,KY
390.1625,-204.775,KY
389.8,-204.4,KY
380.5,-199.1,KY
380.25,-199.0125,KY
380,-199,KY
379.75,-199.0125,KY
379.5,-199.1,KY
370.6,-204.1,KY
361.8,-199.1,KY
361.55,-199.0125,KY
361.3,-199,KY
361.05,-199.0125,KY
360.8,-199.1,KY
351.5,-204.4,KY
351.13750000000005,-204.775,KY
351,-205.3,KY
351,-215.60000000000002,KY
342.7,-220.50000000000003,KY
333.7,-215.40000000000003,KY
333.45,-215.31250000000006,KY
333.2,-215.30000000000004,KY
332.95,-215.31250000000006,KY
332.7,-215.40000000000003,KY
323.4,-220.70000000000005,KY
323.0375,-221.07500000000005,KY
322.9,-221.60000000000005,KY
322.9,-232.40000000000006,KY
323.0375,-232.92500000000007,KY
323.4,-233.30000000000007,KY
332.7,-238.60000000000008,KY
332.95,-238.68750000000006,KY
333.2,-238.70000000000007,KY
333.45,-238.68750000000006,KY
333.7,-238.60000000000008,KY
342.59999999999997,-233.60000000000008,KY
351.49999999999994,-238.70000000000007,KY
351.74999999999994,-238.78750000000008,KY
351.99999999999994,-238.80000000000007,KY
352.24999999999994,-238.78750000000008,KY
352.49999999999994,-238.70000000000007,KY
361.29999999999995,-233.70000000000007,KY
370.09999999999997,-238.70000000000007,KY
370.34999999999997,-238.78750000000008,KY
370.59999999999997,-238.80000000000007,KY
370.84999999999997,-238.78750000000008,KY
371.09999999999997,-238.70000000000007,KY
379.99999999999994,-233.70000000000007,KY
388.79999999999995,-238.70000000000007,KY
389.04999999999995,-238.78750000000008,KY
389.29999999999995,-238.80000000000007,KY
389.54999999999995,-238.78750000000008,KY
389.79999999999995,-238.70000000000007,KY
399.09999999999997,-233.40000000000006,KY
399.4625,-233.02500000000006,KY
399.59999999999997,-232.50000000000006,KY
399.59999999999997,-221.60000000000005,KY
399.4625,-221.07500000000002,KY
399.1,-220.7,KY
399.1,-220.7,KY
279.4,-298.3,KS
270.59999999999997,-293.3,KS
270.59999999999997,-283,KS
270.4625,-282.475,KS
270.09999999999997,-282.1,KS
260.79999999999995,-276.8,KS
260.54999999999995,-276.7125,KS
260.29999999999995,-276.7,KS
260.04999999999995,-276.7125,KS
259.79999999999995,-276.8,KS
250.89999999999995,-281.8,KS
242.09999999999994,-276.8,KS
241.84999999999994,-276.7125,KS
241.59999999999994,-276.7,KS
241.34999999999994,-276.7125,KS
241.09999999999994,-276.8,KS
231.79999999999993,-282.1,KS
231.43749999999991,-282.475,KS
231.29999999999993,-283,KS
231.29999999999993,-293.8,KS
231.43749999999991,-294.32500000000005,KS
231.79999999999993,-294.7,KS
240.59999999999994,-299.7,KS
240.59999999999994,-310,KS
240.73749999999993,-310.525,KS
241.09999999999994,-310.9,KS
250.39999999999995,-316.2,KS
250.64999999999995,-316.2875,KS
250.89999999999995,-316.3,KS
251.14999999999995,-316.2875,KS
251.39999999999995,-316.2,KS
260.19999999999993,-311.2,KS
269.0999999999999,-316.2,KS
269.3499999999999,-316.2875,KS
269.5999999999999,-316.3,KS
269.8499999999999,-316.2875,KS
270.0999999999999,-316.2,KS
279.3999999999999,-310.9,KS
279.76249999999993,-310.525,KS
279.8999999999999,-310,KS
279.8999999999999,-299.2,KS
279.8,-298.63750000000005,KS
279.4,-298.3,KS
279.4,-298.3,KS
299.3,-224.6,IN
299.05,-224.58749999999998,IN
298.8,-224.5,IN
289.5,-219.2,IN
289.13750000000005,-218.825,IN
289,-218.29999999999998,IN
289,-207.49999999999997,IN
289.13750000000005,-206.97499999999997,IN
289.5,-206.59999999999997,IN
298.3,-201.39999999999998,IN
298.3,-191.39999999999998,IN
298.4375,-190.87499999999997,IN
298.8,-190.49999999999997,IN
307.7,-185.29999999999998,IN
307.7,-176.49999999999997,IN
298.8,-171.39999999999998,IN
298.4375,-171.02499999999998,IN
298.3,-170.49999999999997,IN
298.3,-159.69999999999996,IN
298.4375,-159.17499999999995,IN
298.8,-158.79999999999995,IN
307.7,-153.59999999999997,IN
307.7,-143.79999999999995,IN
307.8375,-143.27499999999995,IN
308.2,-142.89999999999995,IN
317.5,-137.39999999999995,IN
317.75,-137.31249999999994,IN
318,-137.29999999999995,IN
318.2875,-137.31249999999994,IN
318.5,-137.39999999999995,IN
327.2,-142.49999999999994,IN
336,-137.39999999999995,IN
336.25,-137.31249999999994,IN
336.5,-137.29999999999995,IN
336.75,-137.31249999999994,IN
337,-137.39999999999995,IN
346.4,-142.69999999999996,IN
346.76249999999993,-143.07499999999996,IN
346.9,-143.59999999999997,IN
346.9,-154.39999999999998,IN
346.76249999999993,-154.92499999999998,IN
346.4,-155.29999999999998,IN
337.59999999999997,-160.29999999999998,IN
337.59999999999997,-169.39999999999998,IN
346.4,-174.39999999999998,IN
346.76249999999993,-174.77499999999998,IN
346.9,-175.29999999999998,IN
346.9,-186.1,IN
346.76249999999993,-186.625,IN
346.4,-187,IN
337.59999999999997,-192,IN
337.59999999999997,-202,IN
337.4625,-202.525,IN
337.09999999999997,-202.9,IN
327.7,-208.20000000000002,IN
327.45,-208.28750000000002,IN
327.2,-208.3,IN
326.95,-208.28750000000002,IN
326.7,-208.20000000000002,IN
318,-203.20000000000002,IN
309.6,-208.00000000000003,IN
309.6,-218.20000000000002,IN
309.4625,-218.72500000000002,IN
309.1,-219.10000000000002,IN
299.8,-224.40000000000003,IN
299.5875,-224.5375,IN
299.3,-224.6,IN
299.3,-224.6,IN
285,-141.8,IL
285.36249999999995,-141.425,IL
285.5,-140.9,IL
285.5,-130.1,IL
285.36249999999995,-129.575,IL
285,-129.2,IL
276.2,-124.19999999999999,IL
276.2,-114,IL
276.0625,-113.475,IL
275.7,-113.1,IL
266.4,-107.6,IL
266.15,-107.5125,IL
265.9,-107.5,IL
265.65,-107.5125,IL
265.4,-107.6,IL
256.5,-112.8,IL
247.7,-107.6,IL
247.45,-107.5125,IL
247.2,-107.5,IL
246.9125,-107.5125,IL
246.7,-107.6,IL
238.1,-112.69999999999999,IL
229.29999999999998,-107.6,IL
229.04999999999998,-107.5125,IL
228.79999999999998,-107.5,IL
228.54999999999998,-107.5125,IL
228.29999999999998,-107.6,IL
219,-113,IL
218.6375,-113.375,IL
218.5,-113.9,IL
218.5,-124.7,IL
218.6375,-125.225,IL
219,-125.60000000000001,IL
227.6,-130.70000000000002,IL
227.6,-140.4,IL
218.7,-145.4,IL
218.33749999999998,-145.775,IL
218.2,-146.3,IL
218.2,-156.5,IL
209.39999999999998,-161.6,IL
209.03749999999997,-161.975,IL
208.89999999999998,-162.5,IL
208.89999999999998,-173.3,IL
209.03749999999997,-173.82500000000002,IL
209.39999999999998,-174.20000000000002,IL
218.2,-179.3,IL
218.2,-189,IL
218.33749999999998,-189.525,IL
218.7,-189.9,IL
228,-195.4,IL
228.25,-195.4875,IL
228.5,-195.5,IL
228.75,-195.4875,IL
229,-195.4,IL
237.5,-190.5,IL
246.2,-195.5,IL
246.2,-205.7,IL
246.33749999999998,-206.225,IL
246.7,-206.6,IL
256.09999999999997,-212.1,IL
256.34999999999997,-212.1875,IL
256.59999999999997,-212.2,IL
256.88749999999993,-212.1875,IL
257.09999999999997,-212.1,IL
266.4,-206.6,IL
266.76249999999993,-206.225,IL
266.9,-205.7,IL
266.9,-195.5,IL
275.7,-190.4,IL
276.0625,-190.025,IL
276.2,-189.5,IL
276.2,-179.3,IL
285,-174.3,IL
285.36249999999995,-173.925,IL
285.5,-173.4,IL
285.5,-162.6,IL
285.36249999999995,-162.075,IL
285,-161.7,IL
276.2,-156.5,IL
276.2,-146.9,IL
285,-141.8,IL
285,-141.8,IL
112.3,-159.9,ID
103.2,-165.6,ID
102.9625,-165.7625,ID
102.8,-166,ID
102.71249999999999,-166.25,ID
102.7,-166.5,ID
103.3,-177.3,ID
103.4375,-177.8125,ID
103.8,-178.10000000000002,ID
112.89999999999999,-182.8,ID
113.49999999999999,-193.10000000000002,ID
113.63749999999999,-193.6125,ID
113.99999999999999,-193.90000000000003,ID
123.59999999999998,-198.80000000000004,ID
124.09999999999998,-198.91250000000002,ID
124.59999999999998,-198.80000000000004,ID
133.59999999999997,-193.00000000000003,ID
133.78749999999997,-192.83750000000003,ID
133.89999999999998,-192.60000000000002,ID
133.98749999999995,-192.35000000000002,ID
133.99999999999997,-192.10000000000002,ID
133.49999999999997,-181.40000000000003,ID
133.36249999999998,-180.88750000000005,ID
132.99999999999997,-180.60000000000002,ID
123.79999999999997,-175.8,ID
123.39999999999996,-165.60000000000002,ID
123.26249999999996,-165.08750000000003,ID
122.89999999999996,-164.8,ID
113.29999999999997,-159.9,ID
112.76249999999999,-159.75,ID
112.3,-159.9,ID
112.3,-159.9,ID
289,-266,IA
288.75,-265.9875,IA
288.5,-265.9,IA
279.7,-260.9,IA
270.9,-265.9,IA
270.65,-265.9875,IA
270.4,-266,IA
270.15,-265.9875,IA
269.9,-265.9,IA
260.59999999999997,-260.59999999999997,IA
260.23749999999995,-260.225,IA
260.09999999999997,-259.7,IA
260.09999999999997,-249.5,IA
251.19999999999996,-244.3,IA
250.83749999999995,-243.925,IA
250.69999999999996,-243.4,IA
250.69999999999996,-232.6,IA
250.83749999999995,-232.075,IA
251.19999999999996,-231.7,IA
260.59999999999997,-226.39999999999998,IA
260.84999999999997,-226.3125,IA
261.09999999999997,-226.29999999999998,IA
261.34999999999997,-226.3125,IA
261.59999999999997,-226.39999999999998,IA
270.4,-231.39999999999998,IA
279.2,-226.39999999999998,IA
279.45,-226.3125,IA
279.7,-226.29999999999998,IA
279.95,-226.3125,IA
280.2,-226.39999999999998,IA
289.5,-231.7,IA
289.86249999999995,-232.075,IA
290,-232.6,IA
290,-242.9,IA
298.9,-248.1,IA
299.26249999999993,-248.475,IA
299.4,-249,IA
299.4,-259.8,IA
299.26249999999993,-260.32500000000005,IA
298.9,-260.7,IA
289.5,-266,IA
289.2125,-266,IA
289,-266,IA
289,-266,IA
145.8,-462.4,HI
136.5,-456.9,HI
136.25,-456.8125,HI
136,-456.8,HI
135.7125,-456.8125,HI
135.5,-456.9,HI
126.7,-462.1,HI
117.8,-456.9,HI
117.55,-456.8125,HI
117.3,-456.8,HI
117.0125,-456.8125,HI
116.8,-456.9,HI
107.5,-462.4,HI
107.1375,-462.775,HI
107,-463.3,HI
107,-474,HI
107.1375,-474.525,HI
107.5,-474.9,HI
116.8,-480.2,HI
117.0875,-480.2875,HI
117.3,-480.3,HI
117.55,-480.2875,HI
117.8,-480.2,HI
126.7,-475.2,HI
135.5,-480.2,HI
135.75,-480.2875,HI
136,-480.3,HI
136.25,-480.2875,HI
136.5,-480.2,HI
145.8,-474.9,HI
146.1625,-474.525,HI
146.3,-474,HI
146.3,-463.2,HI
146.2,-462.725,HI
145.8,-462.4,HI
145.8,-462.4,HI
498.3,-373.5,GA
498.01250000000005,-373.4875,GA
497.8,-373.4,GA
489,-368.2,GA
480.1,-373.4,GA
479.85,-373.4875,GA
479.6,-373.5,GA
479.3125,-373.4875,GA
479.1,-373.4,GA
469.8,-367.9,GA
469.4375,-367.525,GA
469.3,-367,GA
469.3,-356.8,GA
461,-352.1,GA
452.1,-357.1,GA
451.85,-357.18750000000006,GA
451.6,-357.20000000000005,GA
451.35,-357.18750000000006,GA
451.1,-357.1,GA
442.3,-352.1,GA
433.5,-357.1,GA
433.25,-357.18750000000006,GA
433,-357.20000000000005,GA
432.75,-357.18750000000006,GA
432.5,-357.1,GA
423.2,-351.8,GA
422.8375,-351.42500000000007,GA
422.7,-350.90000000000003,GA
422.7,-340.70000000000005,GA
413.8,-335.70000000000005,GA
413.4375,-335.32500000000005,GA
413.3,-334.80000000000007,GA
413.3,-324.6000000000001,GA
404.5,-319.4000000000001,GA
404.13750000000005,-319.0250000000001,GA
404,-318.5000000000001,GA
404,-307.7000000000001,GA
404.13750000000005,-307.17500000000007,GA
404.5,-306.8000000000001,GA
413.8,-301.5000000000001,GA
414.05,-301.4125000000001,GA
414.3,-301.4000000000001,GA
414.55,-301.4125000000001,GA
414.8,-301.5000000000001,GA
423.7,-306.5000000000001,GA
432.5,-301.5000000000001,GA
432.75,-301.4125000000001,GA
433,-301.4000000000001,GA
433.25,-301.4125000000001,GA
433.5,-301.5000000000001,GA
442.3,-306.5000000000001,GA
451.1,-301.5000000000001,GA
451.35,-301.4125000000001,GA
451.6,-301.4000000000001,GA
451.85,-301.4125000000001,GA
452.1,-301.5000000000001,GA
461,-306.5000000000001,GA
469.8,-301.5000000000001,GA
470.05,-301.4125000000001,GA
470.3,-301.4000000000001,GA
470.55,-301.4125000000001,GA
470.8,-301.5000000000001,GA
480.1,-306.8000000000001,GA
480.4625,-307.17500000000007,GA
480.6,-307.7000000000001,GA
480.6,-318,GA
489.5,-323.2,GA
489.86249999999995,-323.57499999999993,GA
490,-324.09999999999997,GA
490,-334.29999999999995,GA
498.8,-339.29999999999995,GA
499.1625,-339.67499999999995,GA
499.3,-340.19999999999993,GA
499.3,-350.3999999999999,GA
508.1,-355.3999999999999,GA
508.4625,-355.77499999999986,GA
508.6,-356.2999999999999,GA
508.6,-367.0999999999999,GA
508.4625,-367.6249999999999,GA
508.1,-367.9999999999999,GA
498.8,-373.4999999999999,GA
498.51250000000005,-373.5,GA
498.3,-373.5,GA
498.3,-373.5,GA
592.3,-521.4,FL
592.05,-521.3875,FL
591.8,-521.3,FL
583,-516.3,FL
574.2,-521.3,FL
573.95,-521.3875,FL
573.7,-521.4,FL
573.45,-521.3875,FL
573.2,-521.3,FL
564.3,-516.3,FL
555.5,-521.3,FL
555.25,-521.3875,FL
555,-521.4,FL
554.75,-521.3875,FL
554.5,-521.3,FL
545.2,-516,FL
544.8375,-515.625,FL
544.7,-515.1,FL
544.7,-504.3,FL
544.8375,-503.775,FL
545.2,-503.4,FL
554,-498.2,FL
554,-488.6,FL
545.2,-483.6,FL
544.8375,-483.225,FL
544.7,-482.7,FL
544.7,-472.5,FL
535.8,-467.5,FL
535.4375,-467.125,FL
535.3,-466.6,FL
535.3,-456.4,FL
526.6,-451.3,FL
526.2375,-450.925,FL
526.1,-450.40000000000003,FL
526.1,-440.2,FL
517.2,-435.2,FL
516.8375,-434.825,FL
516.7,-434.3,FL
516.7,-424.1,FL
507.90000000000003,-419.1,FL
507.5375,-418.725,FL
507.40000000000003,-418.2,FL
507.40000000000003,-408,FL
498.6,-403,FL
498.2375,-402.625,FL
498.1,-402.1,FL
498.1,-391.3,FL
498.2375,-390.775,FL
498.6,-390.4,FL
508,-385,FL
508.25,-384.9125,FL
508.5,-384.9,FL
508.7875,-384.9125,FL
509,-385,FL
517.7,-390.1,FL
526.5,-385,FL
526.75,-384.9125,FL
527,-384.9,FL
527.25,-384.9125,FL
527.5,-385,FL
536.3,-390,FL
545.2,-385,FL
545.45,-384.9125,FL
545.7,-384.9,FL
545.95,-384.9125,FL
546.2,-385,FL
555.5,-390.3,FL
555.8625,-390.675,FL
556,-391.2,FL
556,-401.4,FL
564.3,-406.3,FL
573.2,-401.1,FL
573.45,-401.0125,FL
573.7,-401,FL
573.9875,-401.0125,FL
574.2,-401.1,FL
583.5,-406.6,FL
583.8625,-406.975,FL
584,-407.5,FL
584,-417.7,FL
592.8,-422.7,FL
593.1625,-423.075,FL
593.3,-423.6,FL
593.3,-433.8,FL
602.1,-438.8,FL
602.4625,-439.175,FL
602.6,-439.7,FL
602.6,-449.9,FL
611.5,-455.1,FL
611.8625,-455.475,FL
612,-456,FL
612,-466.8,FL
611.8625,-467.325,FL
611.5,-467.7,FL
602.6,-472.7,FL
602.6,-482.3,FL
611.5,-487.3,FL
611.8625,-487.675,FL
612,-488.2,FL
612,-499,FL
611.8625,-499.525,FL
611.5,-499.9,FL
602.6,-505.1,FL
602.6,-515.3,FL
602.4625,-515.825,FL
602.1,-516.2,FL
592.8,-521.5,FL
592.5875,-521.4125,FL
592.3,-521.4,FL
592.3,-521.4,FL
562.9,-224.9,DE
562.65,-224.8875,DE
562.4,-224.8,DE
553.1,-219.5,DE
552.7375000000001,-219.125,DE
552.6,-218.6,DE
552.6,-207.79999999999998,DE
552.7375000000001,-207.27499999999998,DE
553.1,-206.89999999999998,DE
562.4,-201.59999999999997,DE
562.65,-201.5125,DE
562.9,-201.49999999999997,DE
563.15,-201.5125,DE
563.4,-201.59999999999997,DE
572.6999999999999,-206.89999999999998,DE
573.0624999999999,-207.27499999999998,DE
573.1999999999999,-207.79999999999998,DE
573.1999999999999,-218.6,DE
573.0624999999999,-219.125,DE
572.6999999999999,-219.5,DE
563.4,-224.8,DE
563.1875,-224.8875,DE
562.9,-224.9,DE
562.9,-224.9,DE
630.2,-159.4,CT
629.9125,-159.3875,CT
629.7,-159.3,CT
620.9,-154.1,CT
612.1,-159.3,CT
611.85,-159.3875,CT
611.6,-159.4,CT
611.35,-159.3875,CT
611.1,-159.3,CT
601.7,-153.8,CT
601.3375,-153.425,CT
601.2,-152.9,CT
601.2,-142.7,CT
592.4,-137.7,CT
592.0375,-137.325,CT
591.9,-136.8,CT
591.9,-126,CT
592.0375,-125.475,CT
592.4,-125.1,CT
601.7,-119.8,CT
601.95,-119.7125,CT
602.2,-119.7,CT
602.45,-119.7125,CT
602.7,-119.8,CT
611.6,-124.8,CT
620.4,-119.8,CT
620.65,-119.7125,CT
620.9,-119.7,CT
621.15,-119.7125,CT
621.4,-119.8,CT
630.2,-124.8,CT
639,-119.8,CT
639.25,-119.7125,CT
639.5,-119.7,CT
639.75,-119.7125,CT
640,-119.8,CT
649.4,-125.1,CT
649.7625,-125.475,CT
649.9,-126,CT
649.9,-136.8,CT
649.7625,-137.325,CT
649.4,-137.7,CT
640.5,-142.7,CT
640.5,-152.9,CT
640.3625,-153.425,CT
640,-153.8,CT
630.7,-159.3,CT
630.4875,-159.35,CT
630.2,-159.4,CT
630.2,-159.4,CT
133.1,-301,CO
132.85,-300.9875,CO
132.6,-300.9,CO
123.19999999999999,-295.4,CO
122.83749999999998,-295.025,CO
122.69999999999999,-294.5,CO
122.69999999999999,-283.7,CO
122.83749999999998,-283.17499999999995,CO
123.19999999999999,-282.8,CO
132.1,-277.8,CO
132.1,-267.7,CO
132.23749999999998,-267.17499999999995,CO
132.6,-266.8,CO
141.9,-261.3,CO
142.15,-261.2125,CO
142.4,-261.2,CO
142.6875,-261.2125,CO
142.9,-261.3,CO
151.70000000000002,-266.5,CO
160.60000000000002,-261.3,CO
160.85000000000002,-261.2125,CO
161.10000000000002,-261.2,CO
161.38750000000002,-261.2125,CO
161.60000000000002,-261.3,CO
170.40000000000003,-266.5,CO
179.20000000000005,-261.3,CO
179.45000000000005,-261.2125,CO
179.70000000000005,-261.2,CO
179.95000000000005,-261.2125,CO
180.20000000000005,-261.3,CO
189.00000000000006,-266.40000000000003,CO
198.00000000000006,-261.3,CO
198.25000000000006,-261.2125,CO
198.50000000000006,-261.2,CO
198.75000000000006,-261.2125,CO
199.00000000000006,-261.3,CO
208.30000000000007,-266.6,CO
208.66250000000008,-266.975,CO
208.80000000000007,-267.5,CO
208.80000000000007,-278.3,CO
208.66250000000008,-278.82500000000005,CO
208.30000000000007,-279.2,CO
199.40000000000006,-284.4,CO
199.40000000000006,-294.5,CO
199.26250000000007,-295.025,CO
198.90000000000006,-295.4,CO
189.60000000000005,-300.7,CO
189.35000000000005,-300.7875,CO
189.10000000000005,-300.8,CO
188.85000000000005,-300.7875,CO
188.60000000000005,-300.7,CO
179.70000000000005,-295.7,CO
170.90000000000003,-300.7,CO
170.65000000000003,-300.7875,CO
170.40000000000003,-300.8,CO
170.15000000000003,-300.7875,CO
169.90000000000003,-300.7,CO
161.10000000000002,-295.7,CO
152.20000000000002,-300.7,CO
151.95000000000002,-300.7875,CO
151.70000000000002,-300.8,CO
151.45000000000002,-300.7875,CO
151.20000000000002,-300.7,CO
142.4,-295.59999999999997,CO
133.70000000000002,-300.7,CO
133.3625,-300.9625,CO
133.1,-301,CO
133.1,-301,CO
113.5,-372.1,CA
104.7,-366.90000000000003,CA
104.7,-356.70000000000005,CA
104.5625,-356.17500000000007,CA
104.2,-355.80000000000007,CA
95.4,-350.80000000000007,CA
95.4,-340.6000000000001,CA
95.26250000000002,-340.07500000000005,CA
94.9,-339.7000000000001,CA
86,-334.7000000000001,CA
86,-324.5000000000001,CA
85.86250000000001,-323.97500000000014,CA
85.5,-323.60000000000014,CA
76.7,-318.40000000000015,CA
76.7,-308.90000000000015,CA
85.5,-303.8000000000001,CA
85.86250000000001,-303.4250000000002,CA
86,-302.90000000000015,CA
86,-292.10000000000014,CA
85.86250000000001,-291.57500000000016,CA
85.5,-291.20000000000016,CA
76.7,-286.00000000000017,CA
76.7,-275.70000000000016,CA
76.5625,-275.1750000000002,CA
76.2,-274.8000000000002,CA
67.4,-269.8000000000002,CA
67.4,-259.70000000000016,CA
67.26250000000002,-259.1750000000002,CA
66.9,-258.8000000000002,CA
58.00000000000001,-253.7000000000002,CA
58.00000000000001,-243.40000000000018,CA
57.862500000000004,-242.87500000000017,CA
57.50000000000001,-242.50000000000017,CA
48.7,-237.50000000000017,CA
48.7,-227.90000000000018,CA
57.5,-222.90000000000018,CA
57.8625,-222.52500000000018,CA
58,-222.00000000000017,CA
58,-212.00000000000017,CA
66.8,-206.90000000000018,CA
67.1625,-206.52500000000018,CA
67.3,-206.00000000000017,CA
67.3,-196.00000000000017,CA
76.1,-191.00000000000017,CA
76.4625,-190.62500000000017,CA
76.6,-190.10000000000016,CA
76.6,-179.80000000000015,CA
85.39999999999999,-174.80000000000015,CA
85.76249999999999,-174.42500000000015,CA
85.89999999999999,-173.90000000000015,CA
85.89999999999999,-163.50000000000014,CA
94.8,-158.40000000000015,CA
95.1625,-158.02500000000015,CA
95.3,-157.50000000000014,CA
95.3,-146.70000000000013,CA
95.1625,-146.17500000000013,CA
94.8,-145.80000000000013,CA
85.5,-140.30000000000013,CA
85.25,-140.21250000000015,CA
85,-140.20000000000013,CA
84.7125,-140.21250000000015,CA
84.5,-140.30000000000013,CA
75.7,-145.5000000000001,CA
66.8,-140.30000000000013,CA
66.55,-140.21250000000015,CA
66.3,-140.20000000000013,CA
66.01249999999999,-140.21250000000015,CA
65.8,-140.30000000000013,CA
57,-145.5000000000001,CA
48.2,-140.30000000000013,CA
47.95,-140.21250000000015,CA
47.7,-140.20000000000013,CA
47.4125,-140.21250000000015,CA
47.2,-140.30000000000013,CA
38.400000000000006,-145.5000000000001,CA
29.500000000000007,-140.30000000000013,CA
29.250000000000007,-140.21250000000015,CA
29.000000000000007,-140.20000000000013,CA
28.712500000000006,-140.21250000000015,CA
28.500000000000007,-140.30000000000013,CA
19.200000000000006,-145.80000000000013,CA
18.837500000000006,-146.17500000000013,CA
18.700000000000006,-146.70000000000013,CA
18.700000000000006,-157.10000000000014,CA
9.900000000000006,-162.10000000000014,CA
9.537500000000005,-162.47500000000014,CA
9.400000000000006,-163.00000000000014,CA
9.400000000000006,-173.40000000000015,CA
0.7000000000000064,-178.40000000000015,CA
0.33750000000000635,-178.77500000000015,CA
0.2000000000000064,-179.30000000000015,CA
0.2000000000000064,-190.10000000000016,CA
0.33750000000000635,-190.62500000000017,CA
0.7000000000000064,-191.00000000000017,CA
9.400000000000006,-196.00000000000017,CA
9.400000000000006,-205.70000000000016,CA
0.7000000000000064,-210.70000000000016,CA
0.33750000000000635,-211.07500000000016,CA
0.2000000000000064,-211.60000000000016,CA
0.2000000000000064,-222.40000000000018,CA
0.33750000000000635,-222.92500000000018,CA
0.7000000000000064,-223.30000000000018,CA
9.500000000000007,-228.30000000000018,CA
9.500000000000007,-237.90000000000018,CA
0.6,-243,CA
0.23749999999999996,-243.375,CA
0.09999999999999998,-243.9,CA
0.09999999999999998,-254.70000000000002,CA
0.23749999999999996,-255.22500000000002,CA
0.6,-255.60000000000002,CA
9.4,-260.6,CA
9.4,-270.20000000000005,CA
0.5999999999999996,-275.40000000000003,CA
0.23749999999999963,-275.775,CA
0.09999999999999964,-276.3,CA
0.09999999999999964,-287.1,CA
0.23749999999999963,-287.625,CA
0.5999999999999996,-288,CA
9.4,-293,CA
9.4,-303.2,CA
9.5375,-303.725,CA
9.9,-304.09999999999997,CA
18.8,-309.09999999999997,CA
18.8,-318.99999999999994,CA
18.9375,-319.525,CA
19.3,-319.8999999999999,CA
28.1,-325.0999999999999,CA
28.1,-334.69999999999993,CA
19.3,-339.69999999999993,CA
18.9375,-340.07499999999993,CA
18.8,-340.5999999999999,CA
18.8,-351.3999999999999,CA
18.9375,-351.92499999999995,CA
19.3,-352.2999999999999,CA
28.1,-357.2999999999999,CA
28.1,-367.4999999999999,CA
28.237500000000004,-368.02499999999986,CA
28.6,-368.39999999999986,CA
37.400000000000006,-373.59999999999985,CA
37.400000000000006,-383.79999999999984,CA
37.53750000000001,-384.3249999999998,CA
37.900000000000006,-384.6999999999998,CA
47.2,-389.99999999999983,CA
47.45,-390.08749999999986,CA
47.7,-390.09999999999985,CA
47.95,-390.08749999999986,CA
48.2,-389.99999999999983,CA
57.1,-384.99999999999983,CA
65.9,-389.99999999999983,CA
66.15,-390.08749999999986,CA
66.4,-390.09999999999985,CA
66.65,-390.08749999999986,CA
66.9,-389.99999999999983,CA
75.7,-384.99999999999983,CA
84.5,-389.99999999999983,CA
84.75,-390.08749999999986,CA
85,-390.09999999999985,CA
85.25,-390.08749999999986,CA
85.5,-389.99999999999983,CA
94.4,-384.99999999999983,CA
103.2,-389.99999999999983,CA
103.45,-390.08749999999986,CA
103.7,-390.09999999999985,CA
103.95,-390.08749999999986,CA
104.2,-389.99999999999983,CA
113.5,-384.6999999999998,CA
113.86250000000001,-384.3249999999998,CA
114,-383.79999999999984,CA
114,-373,CA
113.86250000000001,-372.475,CA
113.5,-372.1,CA
113.5,-372.1,CA
177,-371.1,AZ
168.2,-366,AZ
168.29999999999998,-356.8,AZ
177.1,-351.7,AZ
177.4625,-351.32500000000005,AZ
177.6,-350.8,AZ
177.6,-340.1,AZ
177.4625,-339.57500000000005,AZ
177.1,-339.20000000000005,AZ
168.29999999999998,-334.00000000000006,AZ
168.29999999999998,-323.6000000000001,AZ
168.1625,-323.07500000000005,AZ
167.79999999999998,-322.7000000000001,AZ
158.49999999999997,-317.2000000000001,AZ
158.24999999999997,-317.11250000000007,AZ
157.99999999999997,-317.1000000000001,AZ
157.74999999999997,-317.11250000000007,AZ
157.49999999999997,-317.2000000000001,AZ
148.59999999999997,-322.3000000000001,AZ
139.89999999999998,-317.2000000000001,AZ
139.64999999999998,-317.11250000000007,AZ
139.39999999999998,-317.1000000000001,AZ
139.14999999999998,-317.11250000000007,AZ
138.89999999999998,-317.2000000000001,AZ
129.59999999999997,-322.6000000000001,AZ
129.23749999999995,-322.975,AZ
129.09999999999997,-323.50000000000006,AZ
128.99999999999997,-333.70000000000005,AZ
120.19999999999997,-338.80000000000007,AZ
119.83749999999998,-339.17500000000007,AZ
119.69999999999997,-339.70000000000005,AZ
119.69999999999997,-350.40000000000003,AZ
119.83749999999998,-350.92500000000007,AZ
120.19999999999997,-351.3,AZ
128.99999999999997,-356.40000000000003,AZ
129.09999999999997,-367.00000000000006,AZ
129.23749999999995,-367.5250000000001,AZ
129.59999999999997,-367.90000000000003,AZ
138.29999999999995,-373.00000000000006,AZ
138.29999999999995,-383.1000000000001,AZ
138.43749999999994,-383.6250000000001,AZ
138.79999999999995,-384.00000000000006,AZ
148.09999999999997,-389.50000000000006,AZ
148.34999999999997,-389.5875000000001,AZ
148.59999999999997,-389.6000000000001,AZ
148.84999999999997,-389.5875000000001,AZ
149.09999999999997,-389.50000000000006,AZ
158.29999999999995,-384.20000000000005,AZ
166.69999999999996,-389.1,AZ
166.94999999999996,-389.18750000000006,AZ
167.19999999999996,-389.20000000000005,AZ
167.44999999999996,-389.18750000000006,AZ
167.69999999999996,-389.1,AZ
176.99999999999997,-383.70000000000005,AZ
177.36249999999998,-383.32500000000005,AZ
177.49999999999997,-382.80000000000007,AZ
177.49999999999997,-372.1000000000001,AZ
177.3625,-371.52500000000003,AZ
177,-371.1,AZ
177,-371.1,AZ
404,-374.8,AR
403.7125,-374.7875,AR
403.5,-374.7,AR
395.1,-369.7,AR
386.5,-374.7,AR
386.25,-374.7875,AR
386,-374.8,AR
385.7125,-374.7875,AR
385.5,-374.7,AR
376.2,-369.2,AR
375.8375,-368.82500000000005,AR
375.7,-368.3,AR
375.7,-358.1,AR
366.9,-353.1,AR
366.5375,-352.725,AR
366.4,-352.20000000000005,AR
366.4,-341.40000000000003,AR
366.5375,-340.875,AR
366.9,-340.50000000000006,AR
376.2,-335.20000000000005,AR
376.45,-335.1125,AR
376.7,-335.1,AR
376.95,-335.1125,AR
377.2,-335.20000000000005,AR
385.7,-340.1,AR
394.2,-335.20000000000005,AR
394.45,-335.1125,AR
394.7,-335.1,AR
394.95,-335.1125,AR
395.2,-335.20000000000005,AR
404.5,-340.50000000000006,AR
404.86249999999995,-340.875,AR
405,-341.40000000000003,AR
405,-351.6,AR
413.9,-356.6,AR
414.26249999999993,-356.975,AR
414.4,-357.5,AR
414.4,-368.3,AR
414.26249999999993,-368.82500000000005,AR
413.9,-369.2,AR
404.5,-374.7,AR
404.2875,-374.7875,AR
404,-374.8,AR
404,-374.8,AR
486.8,-407.7,AL
487.1625,-407.32500000000005,AL
487.3,-406.8,AL
487.3,-396,AL
487.1625,-395.475,AL
486.8,-395.1,AL
478,-390.1,AL
478,-379.90000000000003,AL
477.86249999999995,-379.375,AL
477.5,-379.00000000000006,AL
468.2,-373.70000000000005,AL
467.95,-373.6125,AL
467.7,-373.6,AL
467.45,-373.6125,AL
467.2,-373.70000000000005,AL
457.9,-379.00000000000006,AL
457.5375,-379.375,AL
457.4,-379.90000000000003,AL
457.4,-390.1,AL
448.5,-395.1,AL
448.13750000000005,-395.475,AL
448,-396,AL
448,-406.8,AL
448.13750000000005,-407.32500000000005,AL
448.5,-407.7,AL
457.4,-412.7,AL
457.4,-422.3,AL
448.5,-427.5,AL
448.13750000000005,-427.875,AL
448,-428.4,AL
448,-439.2,AL
448.13750000000005,-439.725,AL
448.5,-440.09999999999997,AL
457.4,-445.09999999999997,AL
457.4,-455.29999999999995,AL
457.5375,-455.82499999999993,AL
457.9,-456.19999999999993,AL
467.2,-461.49999999999994,AL
467.45,-461.5875,AL
467.7,-461.59999999999997,AL
467.95,-461.5875,AL
468.2,-461.49999999999994,AL
477.5,-456.19999999999993,AL
477.86249999999995,-455.82499999999993,AL
478,-455.29999999999995,AL
478,-445.09999999999997,AL
486.8,-440.09999999999997,AL
487.1625,-439.725,AL
487.3,-439.2,AL
487.3,-428.4,AL
487.1625,-427.875,AL
486.8,-427.5,AL
478,-422.3,AL
478,-412.7,AL
486.8,-407.7,AL
486.8,-407.7,AL
60.3,-480.3,AK
60.05,-480.2875,AK
59.8,-480.2,AK
50.5,-474.9,AK
50.1375,-474.525,AK
50,-474,AK
50,-463.2,AK
50.1375,-462.675,AK
50.5,-462.3,AK
59.8,-456.8,AK
60.05,-456.7125,AK
60.3,-456.7,AK
60.5875,-456.7125,AK
60.8,-456.8,AK
70.1,-462.3,AK
70.4625,-462.675,AK
70.6,-463.2,AK
70.6,-474,AK
70.4625,-474.525,AK
70.1,-474.9,AK
60.8,-480.2,AK
60.5875,-480.2875,AK
60.3,-480.3,AK
60.3,-480.3,AK
